Name,Rating,Reviews,Category,Address,Website,Phone,Url,Emails
The Social Hub Restaurant & Bar Berlin,3.9,151,Restaurant,"Schicklerstraße 40, 10179 Berlin, Germany",https://www.thesocialhub.co/berlin-mitte/eat-and-drink/?utm_source=googlemybusiness&utm_medium=organic,+49 30 31198340,https://www.google.com/maps/place/The+Social+Hub+Restaurant+%26+Bar+Berlin/data=!4m7!3m6!1s0x47a84fbe74dce30f:0x40abcaa8606448d6!8m2!3d52.5165878!4d13.4177111!16s%2Fg%2F11fnqtf0w0!19sChIJD-PcdL5PqEcR1khkYKjKq0A?authuser=0&hl=en&rclk=1,berlin@thesocialhub.co
café tschüsch - indiaspired futurefood,4.7,309,Modern Indian restaurant,"Fuldastraße 12, 12045 Berlin, Germany",http://www.tschuesch.de/,+49 30 54484414,https://www.google.com/maps/place/caf%C3%A9+tsch%C3%BCsch+-+indiaspired+futurefood/data=!4m7!3m6!1s0x4165236fd9d0595d:0xef755fb64938acc4!8m2!3d52.4840788!4d13.4366269!16s%2Fg%2F1hc7qmwfg!19sChIJXVnQ2W8jZUERxKw4SbZfde8?authuser=0&hl=en&rclk=1,cafe@tschuesch.de
(مطعم بيت العز (برلين Bayt Alez Restaurant (Berlin),4.8,203,Family restaurant,"Pichelsdorfer Str. 77, 13595 Berlin, Germany",https://www.baytalez.de/,+49 176 41599163,https://www.google.com/maps/place/%28%D9%85%D8%B7%D8%B9%D9%85+%D8%A8%D9%8A%D8%AA+%D8%A7%D9%84%D8%B9%D8%B2+%28%D8%A8%D8%B1%D9%84%D9%8A%D9%86+Bayt+Alez+Restaurant+%28Berlin%29%E2%80%AD/data=!4m7!3m6!1s0x47a857e349c14311:0x6c2caaf3edba732a!8m2!3d52.5216502!4d13.1976068!16s%2Fg%2F11tfdw1k11!19sChIJEUPBSeNXqEcRKnO67fOqLGw?authuser=0&hl=en&rclk=1,
Wannseeterrassen Berlin,3.9,"1,851",Restaurant,"Wannseebadweg 35, 14129 Berlin, Germany",http://www.wannseeterrassen.berlin/,+49 30 80908218,https://www.google.com/maps/place/Wannseeterrassen+Berlin/data=!4m7!3m6!1s0x47a85851584f4f55:0xe758ecd55abd811a!8m2!3d52.4414162!4d13.1783419!16s%2Fg%2F11b7ldsvtm!19sChIJVU9PWFFYqEcRGoG9WtXsWOc?authuser=0&hl=en&rclk=1,
Hasir,4.2,"1,516",Turkish restaurant,"Breite Str. 43, 13597 Berlin, Germany",http://www.hasir.de/,+49 30 35304792,https://www.google.com/maps/place/Hasir/data=!4m7!3m6!1s0x47a856440196e3f3:0x779106e8e8aa25dc!8m2!3d52.5383306!4d13.2066832!16s%2Fg%2F1xfsmsbj!19sChIJ8-OWAURWqEcR3CWq6OgGkXc?authuser=0&hl=en&rclk=1,info@hasir.de
Haus Sanssouci,4.5,589,,"Am Großen Wannsee 60, 14109 Berlin, Germany",http://web.haussanssouci.com/,+49 30 8053034,https://www.google.com/maps/place/Haus+Sanssouci/data=!4m10!3m9!1s0x47a858fa73807f55:0xdc97f932892893f2!5m2!4m1!1i2!8m2!3d52.4336486!4d13.164096!16s%2Fg%2F1thcltf3!19sChIJVX-Ac_pYqEcR8pMoiTL5l9w?authuser=0&hl=en&rclk=1,
Alreef Restaurant,4.7,957,Middle Eastern restaurant,"Pichelsdorfer Str. 144, 13595 Berlin, Germany",http://alreef-restaurant.de/,+49 178 1777155,https://www.google.com/maps/place/Alreef+Restaurant/data=!4m7!3m6!1s0x47a8574ee225b849:0x7f6c7b5f07751cc6!8m2!3d52.5277205!4d13.1960387!16s%2Fg%2F11tmqb0c3_!19sChIJSbgl4k5XqEcRxhx1B197bH8?authuser=0&hl=en&rclk=1,info@alreef-restaurant.de
Chettinad | Indian Restaurant Spandau,4.1,691,Indian restaurant,"Wilhelmstraße 1, 13595 Berlin, Germany",https://chettinad-indisches-restaurant.de/,+49 30 26587883,https://www.google.com/maps/place/Chettinad+%7C+Indian+Restaurant+Spandau/data=!4m7!3m6!1s0x47a8564a04a65459:0xea3cd2a28ad2e5ea!8m2!3d52.5286197!4d13.1948978!16s%2Fg%2F11bc7n3p1v!19sChIJWVSmBEpWqEcR6uXSiqLSPOo?authuser=0&hl=en&rclk=1,info@chettinad-indisches-restaurant.de
Restaurant Fino,4.8,156,Mediterranean restaurant,"Prinz-Friedrich-Leopold-Straße 1, 14129 Berlin, Germany",http://www.restaurantfino.de/,+49 30 95618035,https://www.google.com/maps/place/Restaurant+Fino/data=!4m7!3m6!1s0x47a85924b8086891:0x6cbdb69587cdd55b!8m2!3d52.4303359!4d13.19444!16s%2Fg%2F11gp4f7m5w!19sChIJkWgIuCRZqEcRW9XNh5W2vWw?authuser=0&hl=en&rclk=1,info@restaurantfino.de
Rasam,4.3,331,Indian restaurant,"Wasgenstraße 55, 14129 Berlin, Germany",https://rasamrestaurant.de/,+49 30 91552139,https://www.google.com/maps/place/Rasam/data=!4m7!3m6!1s0x47a8592aa2eb2641:0x5aecfb9b2f95190a!8m2!3d52.4302835!4d13.2136003!16s%2Fg%2F1ptyxgr0j!19sChIJQSbroipZqEcRChmVL5v77Fo?authuser=0&hl=en&rclk=1,
Gaststätte G7,4.3,"1,038",German restaurant,"Gatower Str. 7, 13595 Berlin, Germany",,+49 30 35503107,https://www.google.com/maps/place/Gastst%C3%A4tte+G7/data=!4m7!3m6!1s0x47a857ca3f45b19b:0xdce2f1744e03101e!8m2!3d52.5202599!4d13.1878021!16s%2Fg%2F1tmpczbk!19sChIJm7FFP8pXqEcRHhADTnTx4tw?authuser=0&hl=en&rclk=1,
Patatas Mexican Restaurant Berlin,4.6,310,Mexican restaurant,"Jüdenstraße 17, 13597 Berlin, Germany",https://patatasrestaurant.de/13074?utm_source=google&utm_medium=mybusiness&utm_campaign=gb,+49 30 50940009,https://www.google.com/maps/place/Patatas+Mexican+Restaurant+Berlin/data=!4m7!3m6!1s0x47a8570d37dfea89:0xbbba3799be78cb9!8m2!3d52.5377699!4d13.2023638!16s%2Fg%2F11s0jmcc2p!19sChIJierfNw1XqEcRuYznm3mjuws?authuser=0&hl=en&rclk=1,
Alte Liebe Restaurantschiff,4.2,"1,341",Seafood restaurant,"Havelchaussee 107, 14055 Berlin, Germany",http://www.alte-liebe-berlin.de/,+49 30 3048258,https://www.google.com/maps/place/Alte+Liebe+Restaurantschiff/data=!4m7!3m6!1s0x47a857a03a610fa9:0xc673e43777f5a01a!8m2!3d52.5015204!4d13.2084683!16s%2Fg%2F1tdshtmf!19sChIJqQ9hOqBXqEcRGqD1dzfkc8Y?authuser=0&hl=en&rclk=1,"alteliebe@t-online.de, reservierung@alte-liebe-berlin.de"
Blockhaus Nikolskoe,4.2,"1,485",German restaurant,"Nikolskoer Weg 15, 14109 Berlin, Germany",https://www.blockhaus-nikolskoe.de/,+49 30 200031400,https://www.google.com/maps/place/Blockhaus+Nikolskoe/data=!4m7!3m6!1s0x47a8589f7f9b2e9f:0xcad22fec4cb0639e!8m2!3d52.424505!4d13.1162386!16s%2Fg%2F1hb_f4zp5!19sChIJny6bf59YqEcRnmOwTOwv0so?authuser=0&hl=en&rclk=1,"info@blockhaus-nikolskoe.de, acy@vimeo.com, via@sofortdatenschutz.de, info@via-berlin.de"
Lindwerder,4.3,620,European restaurant,"Havelchaussee 43, 14193 Berlin, Germany",https://www.lindwerder.de/,+49 30 20076949,https://www.google.com/maps/place/Lindwerder/data=!4m7!3m6!1s0x47a8578232554795:0xb35e9ceadfd8cc42!8m2!3d52.467374!4d13.1919632!16s%2Fg%2F121m7b27!19sChIJlUdVMoJXqEcRQszY3-qcXrM?authuser=0&hl=en&rclk=1,info@lindwerder.de
Solti Restaurant Berlin,4.6,685,Nepalese restaurant,"Roonstraße 16, 13585 Berlin, Germany",https://soltirestaurant.com/?utm_source=GMBwebsite&utm_medium=organic&utm_campaign=Google%20My%20Business,+49 30 53048503,https://www.google.com/maps/place/Solti+Restaurant+Berlin/data=!4m7!3m6!1s0x47a8563f628ecab9:0x3cecbce27dd90519!8m2!3d52.5411952!4d13.2002425!16s%2Fg%2F11bzs2hlsd!19sChIJucqOYj9WqEcRGQXZfeK87Dw?authuser=0&hl=en&rclk=1,
Sy Restaurant Spandau,4.4,"1,310",Sushi restaurant,"Breite Str. 33, 13597 Berlin, Germany",http://www.sy-restaurant.de/,+49 30 47016121,https://www.google.com/maps/place/Sy+Restaurant+Spandau/data=!4m7!3m6!1s0x47a8564403336671:0x6de821d7b30f2b51!8m2!3d52.5379045!4d13.206736!16s%2Fg%2F1tsbl4qv!19sChIJcWYzA0RWqEcRUSsPs9ch6G0?authuser=0&hl=en&rclk=1,
Pho & More Restaurant Berlin,4.4,440,Vietnamese restaurant,"Jüdenstraße 17, 13597 Berlin, Germany",https://phoandmore-berlin.de/5988?utm_source=google&utm_medium=mybusiness&utm_campaign=gb,+49 30 3337777,https://www.google.com/maps/place/Pho+%26+More+Restaurant+Berlin/data=!4m7!3m6!1s0x47a856472024f5a9:0x1b9cb10b2082eadc!8m2!3d52.5376611!4d13.2022465!16s%2Fg%2F1tdck_bs!19sChIJqfUkIEdWqEcR3OqCIAuxnBs?authuser=0&hl=en&rclk=1,
All Seasons,4.3,"8,474",Chinese restaurant,"Am Juliusturm 53, 13599 Berlin, Germany",http://theallseasons.de/,+49 30 26587088,https://www.google.com/maps/place/All+Seasons/data=!4m7!3m6!1s0x47a8565c843661fb:0x534245c1f4086bc9!8m2!3d52.5377864!4d13.2163107!16s%2Fg%2F11d_20n6p7!19sChIJ-2E2hFxWqEcRyWsI9MFFQlM?authuser=0&hl=en&rclk=1,
SKY TOWER RESTAURANT,4,143,Restaurant,"Freiheit 5, 13597 Berlin, Germany",http://skytower-berlin.de/,+49 30 33098600,https://www.google.com/maps/place/SKY+TOWER+RESTAURANT/data=!4m7!3m6!1s0x47a8564ff5d684cb:0xabe1f4b9b13cae5a!8m2!3d52.5325855!4d13.2100451!16s%2Fg%2F11c47yq55v!19sChIJy4TW9U9WqEcRWq48sbn04as?authuser=0&hl=en&rclk=1,
Wirtshaus an der Rehwiese,4.5,504,German restaurant,"Matterhornstraße 101, 14129 Berlin, Germany",https://wirtshaus-rehwiese.de/,+49 30 80403062,https://www.google.com/maps/place/Wirtshaus+an+der+Rehwiese/data=!4m7!3m6!1s0x47a8590a3d09856f:0xdd342548910688f!8m2!3d52.4342765!4d13.2034298!16s%2Fg%2F11byv392v3!19sChIJb4UJPQpZqEcRj2gQiVRC0w0?authuser=0&hl=en&rclk=1,info@wirtshaus-rehwiese.de
Cruise-In Diner,4.4,854,American restaurant,"Päwesiner Weg 25a, 13581 Berlin, Germany",http://www.cruise-in.de/,+49 30 35130130,https://www.google.com/maps/place/Cruise-In+Diner/data=!4m7!3m6!1s0x47a8562e477a0ce7:0x612a868e6bbebe14!8m2!3d52.532669!4d13.178677!16s%2Fg%2F1tf5csjp!19sChIJ5wx6Ry5WqEcRFL6-a46GKmE?authuser=0&hl=en&rclk=1,info@denic.de
Zum grünen Baum | Wiesenstein · Speisenmeisterei,4.2,533,German restaurant,"Wilhelmpl. 4, 14109 Berlin, Germany",http://www.wiesenstein.de/,+49 30 80197112,https://www.google.com/maps/place/Zum+gr%C3%BCnen+Baum+%7C+Wiesenstein+%C2%B7+Speisenmeisterei/data=!4m7!3m6!1s0x47a858c7b2691ab7:0x3071404899d7d2e6!8m2!3d52.4122824!4d13.141343!16s%2Fg%2F11bw5y7230!19sChIJtxppssdYqEcR5tLXmUhAcTA?authuser=0&hl=en&rclk=1,reservierung@wiesenstein.de
La cena,4.6,259,Italian restaurant,"Ulmenstraße 27, 13595 Berlin, Germany",http://www.lacena.eatbu.com/,+49 30 26399988,https://www.google.com/maps/place/La+cena/data=!4m7!3m6!1s0x47a857ca856ac35d:0x90f4f8942ba5a223!8m2!3d52.5220057!4d13.1900901!16s%2Fg%2F11cnrd_jtf!19sChIJXcNqhcpXqEcRI6KlK5T49JA?authuser=0&hl=en&rclk=1,
König 19,4.6,354,Mediterranean restaurant,"Königstraße 40, 14109 Berlin, Germany",https://koenig19.de/,+49 30 8055055,https://www.google.com/maps/place/K%C3%B6nig+19/data=!4m7!3m6!1s0x47a858c10a1de135:0xf6c34a11ef376185!8m2!3d52.4177744!4d13.1455599!16s%2Fg%2F1th1t25k!19sChIJNeEdCsFYqEcRhWE37xFKw_Y?authuser=0&hl=en&rclk=1,info@koenig19.de
Restaurant Petit - vietnamesisches Restaurant (Sushi & authentic Viet Kitchen),4.7,343,Vietnamese restaurant,"Königstraße 10, 14109 Berlin, Germany",http://petit-wannsee.de/,+49 30 68996660,https://www.google.com/maps/place/Restaurant+Petit+-+vietnamesisches+Restaurant+%28Sushi+%26+authentic+Viet+Kitchen%29/data=!4m7!3m6!1s0x47a8592888ae2e8d:0x24573e0637558ea0!8m2!3d52.4201232!4d13.1626537!16s%2Fg%2F11rggr306h!19sChIJjS6uiChZqEcRoI5VNwY-VyQ?authuser=0&hl=en&rclk=1,
La Perla Restaurant - kein Lieferservice,4.3,261,Italian restaurant,"Sandstraße 66, 13593 Berlin, Germany",,+49 30 49803408,https://www.google.com/maps/place/La+Perla+Restaurant+-+kein+Lieferservice/data=!4m7!3m6!1s0x47a857d19a19bf09:0xcea45e6e9488e70!8m2!3d52.519488!4d13.171178!16s%2Fg%2F1tsynthx!19sChIJCb8ZmtFXqEcRcI5I6eZF6gw?authuser=0&hl=en&rclk=1,
Landgut Stober,4.4,"1,199",,"Behnitzer Dorfstraße 27-31, 14641 Nauen, Germany",http://www.landgut-stober.de/,+49 33239 20440,https://www.google.com/maps/place/Landgut+Stober/data=!4m10!3m9!1s0x47a8e70e89c4430f:0x56ea92a1b6a1dbe1!5m2!4m1!1i2!8m2!3d52.5819549!4d12.7341638!16s%2Fg%2F11_qjdcyd!19sChIJD0PEiQ7nqEcR4duhtqGS6lY?authuser=0&hl=en&rclk=1,info@landgut-stober.de
Maisel's Biergarten,4.1,666,Beer garden,"Imchenallee 44, 14089 Berlin, Germany",http://www.maisels-biergarten.de/,+49 30 67815562,https://www.google.com/maps/place/Maisel%27s+Biergarten/data=!4m7!3m6!1s0x47a85865c3d16083:0x7818829015ea548a!8m2!3d52.4515267!4d13.1475097!16s%2Fg%2F11h09lnn8!19sChIJg2DRw2VYqEcRilTqFZCCGHg?authuser=0&hl=en&rclk=1,team@maisels-biergarten.de
Beyzade Restaurant - türkische Spezialitäten vom Holzkohlegrill und Frühstück in Spandau,4.3,820,Turkish restaurant,"Hoher Steinweg 7, 13597 Berlin, Germany",https://beyzade-restaurant.com/?utm_source=GMBwebsite&utm_medium=organic&utm_campaign=Google%20My%20Business,+49 30 23944217,https://www.google.com/maps/place/Beyzade+Restaurant+-+t%C3%BCrkische+Spezialit%C3%A4ten+vom+Holzkohlegrill+und+Fr%C3%BChst%C3%BCck+in+Spandau/data=!4m7!3m6!1s0x47a85648347eb0cb:0x2d4e96f6531aac5d!8m2!3d52.5399144!4d13.2058366!16s%2Fg%2F1ygvswrfc!19sChIJy7B-NEhWqEcRXawaU_aWTi0?authuser=0&hl=en&rclk=1,
Saanjh Restaurant,4.7,111,Indian restaurant,"Span. Allee 112, 14129 Berlin, Germany",https://www.saanjh.de/,+49 30 80401600,https://www.google.com/maps/place/Saanjh+Restaurant/data=!4m7!3m6!1s0x47a85926b461ac75:0xddfcdc7c33988c35!8m2!3d52.4342764!4d13.1985263!16s%2Fg%2F11l2wxsdgk!19sChIJdaxhtCZZqEcRNYyYM3zc_N0?authuser=0&hl=en&rclk=1,
Stilbruch Restaurant,4.6,466,German restaurant,"Eiswerderstraße 22, 13585 Berlin, Germany",http://www.stilbruch-restaurant.de/,+49 30 33505580,https://www.google.com/maps/place/Stilbruch+Restaurant/data=!4m7!3m6!1s0x47a85665c107f8cb:0x8b73b1afa7971629!8m2!3d52.54879!4d13.2218294!16s%2Fg%2F1td1_8xy!19sChIJy_gHwWVWqEcRKRaXp6-xc4s?authuser=0&hl=en&rclk=1,stilbruch-restaurant@t-online.de
Chinese Restaurant Macao,4.4,321,Restaurant,"Breite Str. 37, 13597 Berlin, Germany",http://china-restaurant-macao.de/,+49 30 3338126,https://www.google.com/maps/place/Chinese+Restaurant+Macao/data=!4m7!3m6!1s0x47a85644073a6f63:0x1ef47f61f04d159c!8m2!3d52.5383379!4d13.2072473!16s%2Fg%2F1w3w228f!19sChIJY286B0RWqEcRnBVN8GF_9B4?authuser=0&hl=en&rclk=1,kontakt@china-restaurant-macao.de
thai hang,4.1,129,Asian fusion restaurant,"Hohenzollernpl 7-8, 14129 Berlin, Germany",https://www.thaihangbistro.de/,+49 30 80926097,https://www.google.com/maps/place/thai+hang/data=!4m7!3m6!1s0x47a8590f5add5ad3:0x55975f92661e1cfa!8m2!3d52.4305338!4d13.1935385!16s%2Fg%2F11c15tbd40!19sChIJ01rdWg9ZqEcR-hweZpJfl1U?authuser=0&hl=en&rclk=1,
Diyar Simit Evi Restaurant & Frühstückscafe,4.2,553,Turkish restaurant,"Havelstraße 10, 13597 Berlin, Germany",,+49 30 35306444,https://www.google.com/maps/place/Diyar+Simit+Evi+Restaurant+%26+Fr%C3%BChst%C3%BCckscafe/data=!4m7!3m6!1s0x47a8564151e88993:0x16e55aabcd0f86a5!8m2!3d52.5387797!4d13.2064126!16s%2Fg%2F11bwfjqjsc!19sChIJk4noUUFWqEcRpYYPzata5RY?authuser=0&hl=en&rclk=1,
Thang Long,3.4,143,Chinese restaurant,"Klosterstraße 3, 13581 Berlin, Germany",https://hmaps.top/thang-long-3,+49 1520 5470437,https://www.google.com/maps/place/Thang+Long/data=!4m7!3m6!1s0x47a85637fabea155:0x59474cc4657ff237!8m2!3d52.5337858!4d13.1957501!16s%2Fg%2F11xd0rgc6!19sChIJVaG--jdWqEcRN_J_ZcRMR1k?authuser=0&hl=en&rclk=1,
Sönmez Baklava Spandau,4.5,222,Dessert restaurant,"Klosterstraße 30, 13581 Berlin, Germany",https://soenmez-baklava.de/,+49 30 23293455,https://www.google.com/maps/place/S%C3%B6nmez+Baklava+Spandau/data=!4m7!3m6!1s0x47a857930c48812b:0xd6ee8a86dee80144!8m2!3d52.5311111!4d13.1972057!16s%2Fg%2F11tsm7t0j1!19sChIJK4FIDJNXqEcRRAHo3oaK7tY?authuser=0&hl=en&rclk=1,
Signature India - Berlin,4.7,206,Indian restaurant,"Hennigsdorfer Str. 77, 13503 Berlin, Germany",https://www.signature-india.com/,+49 30 62855494,https://www.google.com/maps/place/Signature+India+-+Berlin/data=!4m7!3m6!1s0x47a855fcb34f3c83:0x6574660c36e69cb1!8m2!3d52.6186638!4d13.2211926!16s%2Fg%2F11jsrgbr0s!19sChIJgzxPs_xVqEcRsZzmNgxmdGU?authuser=0&hl=en&rclk=1,signature.india@gmx.de
Schnitzelei Mitte,4.5,"5,597",German restaurant,"Chausseestr. 8 Hinterhof erreichbar über: Chausseestr. 8 oder, Novalisstraße 11, 10115 Berlin, Germany",https://schnitzelei.de/mitte/,+49 30 32519422,https://www.google.com/maps/place/Schnitzelei+Mitte/data=!4m7!3m6!1s0x47a851ebe54807cb:0xa32f86cbc9fe5051!8m2!3d52.5285831!4d13.3878853!16s%2Fg%2F11c1tqz9ly!19sChIJywdI5etRqEcRUVD-ycuGL6M?authuser=0&hl=en&rclk=1,mitte@schnitzelei.de
Tiroler Stuben Berlin,4.4,"1,041",Austrian restaurant,"Heerstraße 137, 14055 Berlin, Germany",https://www.tiroler-stuben.com/,+49 30 30099466,https://www.google.com/maps/place/Tiroler+Stuben+Berlin/data=!4m7!3m6!1s0x47a857400868adf5:0xf427f993b301f7a5!8m2!3d52.5061902!4d13.2281976!16s%2Fg%2F11lfgvxf8g!19sChIJ9a1oCEBXqEcRpfcBs5P5J_Q?authuser=0&hl=en&rclk=1,info@tiroler-stuben.com
Dreh-Restaurant Sphere im Berliner Fernsehturm,4.4,"7,053",German restaurant,"Alexanderplatz, 1 Panoramastraße 1A, 10178 Berlin, Germany",http://www.tv-turm.de/,+49 30 247575875,https://www.google.com/maps/place/Dreh-Restaurant+Sphere+im+Berliner+Fernsehturm/data=!4m7!3m6!1s0x416523cffc3f8c67:0xa5c6ae67a29ab513!8m2!3d52.5208204!4d13.4093677!16s%2Fg%2F11b6__mw0x!19sChIJZ4w__M8jZUERE7WaomeuxqU?authuser=0&hl=en&rclk=1,
Berlin,,,,,,,https://www.google.com/maps/place/Berlin/data=!4m7!3m6!1s0x47a84e373f035901:0x42120465b5e3b70!8m2!3d52.5200066!4d13.404954!16zL20vMDE1NnE!19sChIJAVkDPzdOqEcRcDteW0YgIQQ?authuser=0&hl=en&rclk=1,
HERITAGE Berlin,4.6,92,Restaurant,"Charlottenstraße 52, 10117 Berlin, Germany",http://heritage-restaurants.com/berlin,+49 30 58709771910,https://www.google.com/maps/place/HERITAGE+Berlin/data=!4m7!3m6!1s0x47a851dafa7f641f:0xfaca64dfd56cafb0!8m2!3d52.5144238!4d13.3908789!16s%2Fg%2F11pcm66v8g!19sChIJH2R_-tpRqEcRsK9s1d9kyvo?authuser=0&hl=en&rclk=1,info@heritage-berlin.com
Restaurant Facil,4.8,886,Fine dining restaurant,"Potsdamer Str. 3, 10785 Berlin, Germany",https://facil.de/de/,+49 30 590051234,https://www.google.com/maps/place/Restaurant+Facil/data=!4m7!3m6!1s0x47a8504a94b9e203:0x7b2115cb49fb6b1c!8m2!3d52.5089804!4d13.37369!16s%2Fg%2F1tjffwbb!19sChIJA-K5lEpQqEcRHGv7ScsVIXs?authuser=0&hl=en&rclk=1,welcome@facil.de
Berlin,,,,,,,https://www.google.com/maps/place/Berlin/data=!4m7!3m6!1s0x47b26baffc2e8211:0x50d86fa9dd0270db!8m2!3d54.037033!4d10.4460975!16s%2Fm%2F0bxz8nh!19sChIJEYIu_K9rskcR23AC3alv2FA?authuser=0&hl=en&rclk=1,
Heising,4.6,432,French restaurant,"Rankestraße 32, 10789 Berlin, Germany",http://www.restaurant-heising.de/,+49 30 2133952,https://www.google.com/maps/place/Heising/data=!4m7!3m6!1s0x47a850ff414b2595:0x83ffc26c38e5e304!8m2!3d52.5032196!4d13.3349524!16s%2Fg%2F1td08zm2!19sChIJlSVLQf9QqEcRBOPlOGzC_4M?authuser=0&hl=en&rclk=1,
BLESS Restaurant,4.5,"1,133",Asian restaurant,"Hausvogteipl. 10, 10117 Berlin, Germany",https://bless-restaurants.com/,+49 30 20619795,https://www.google.com/maps/place/BLESS+Restaurant/data=!4m7!3m6!1s0x47a8518e5446ed29:0x414b04762b9f4b36!8m2!3d52.5124086!4d13.3967904!16s%2Fg%2F11lkzg8dhv!19sChIJKe1GVI5RqEcRNkufK3YES0E?authuser=0&hl=en&rclk=1,"hamburg@bless-restaurants.com, hello@bless-restaurants.com"
Prism,4.6,216,Fine dining restaurant,"Fritschestraße 48, 10627 Berlin, Germany",http://prismberlin.de/,+49 30 54710861,https://www.google.com/maps/place/Prism/data=!4m7!3m6!1s0x47a85138a6fa928f:0x461b61f231ead198!8m2!3d52.507138!4d13.3007664!16s%2Fg%2F11gl142fwc!19sChIJj5L6pjhRqEcRmNHqMfJhG0Y?authuser=0&hl=en&rclk=1,reservierung@prismberlin.de
NENI Berlin,4.3,"3,912",Mediterranean restaurant,"Budapester Str. 40, 10787 Berlin, Germany",https://nenifood.com/restaurants/berlin,+49 30 120221200,https://www.google.com/maps/place/NENI+Berlin/data=!4m7!3m6!1s0x47a85055611510f9:0x7f67d148e844fc21!8m2!3d52.5056581!4d13.3378949!16s%2Fg%2F1pxq5lhls!19sChIJ-RAVYVVQqEcRIfxE6EjRZ38?authuser=0&hl=en&rclk=1,"datenschutz@25hours-hotels.com, contact@25hours-hotels.com, beispiel@beispielpostfach.de, neni.bikini@25hours-hotels.com"
Elefant,4.5,"3,259",German restaurant,"Fuggerstraße 18, 10777 Berlin, Germany",http://www.restaurant-elefant.de/,+49 30 23607346,https://www.google.com/maps/place/Elefant/data=!4m7!3m6!1s0x47a850510623d57f:0x5d365788e1cbe829!8m2!3d52.4990554!4d13.3453728!16s%2Fg%2F1tc_vmmr!19sChIJf9UjBlFQqEcRKejL4YhXNl0?authuser=0&hl=en&rclk=1,
Hackethal's,4.7,"1,226",German restaurant,"Pflugstraße 11, 10115 Berlin, Germany",http://www.hackethals.de/,+49 30 28387765,https://www.google.com/maps/place/Hackethal%27s/data=!4m7!3m6!1s0x47a8518d9f3a38c3:0x3c2d0dde90bfbe2e!8m2!3d52.5364086!4d13.3795799!16s%2Fg%2F1vl9qj6z!19sChIJwzg6n41RqEcRLr6_kN4NLTw?authuser=0&hl=en&rclk=1,
Graf,4.3,239,Russian restaurant,"Martin-Luther-Str. 8, 10777 Berlin, Germany",,+49 30 39749011,https://www.google.com/maps/place/Graf/data=!4m7!3m6!1s0x47a8505109f35667:0xb83469bf6e0254a7!8m2!3d52.4992742!4d13.3457058!16s%2Fg%2F11b6g9khzk!19sChIJZ1bzCVFQqEcRp1QCbr9pNLg?authuser=0&hl=en&rclk=1,
A Mano,4.7,"3,655",Italian restaurant,"Strausberger Pl. 2, 10243 Berlin, Germany",http://www.amano-ristorante.de/,+49 30 95598243,https://www.google.com/maps/place/A+Mano/data=!4m7!3m6!1s0x47a84e1623b079cb:0xa355fb53a80d566c!8m2!3d52.5193916!4d13.4273865!16s%2Fg%2F1hc0s4f1h!19sChIJy3mwIxZOqEcRbFYNqFP7VaM?authuser=0&hl=en&rclk=1,"amano-logo-r@2x-1-300x131.png, cropped-cropped-amano-logo-r@2x-1-36x36.png, amano-logo-r-white@3x.png, amano-logo-r@2x-1-24x10.png, cropped-cropped-amano-logo-r@2x-1-300x300.png, amano-logo-r@2x-1-48x21.png, amano-logo-r@2x-1-36x16.png, amano-logo-r@2x-1.png"
La Gondola Due,4.4,621,Italian restaurant,"Beerenstraße 57, 14163 Berlin, Germany",http://www.lagondoladue.de/,+49 30 8027973,https://www.google.com/maps/place/La+Gondola+Due/data=!4m7!3m6!1s0x47a8594f288bc44b:0x96bff23b629a7624!8m2!3d52.4377052!4d13.2335868!16s%2Fg%2F1vn17kgm!19sChIJS8SLKE9ZqEcRJHaaYjvyv5Y?authuser=0&hl=en&rclk=1,info@lagondoladue.de
"OH, PANAMA",4.5,"1,054",Restaurant,"Potsdamer Str. 91, 10785 Berlin, Germany",https://oh-panama.com/de/willkommen-2-2/,+49 30 983208435,"https://www.google.com/maps/place/OH,+PANAMA/data=!4m7!3m6!1s0x47a8504a7c5ac67f:0x412e5cef4f500650!8m2!3d52.5014794!4d13.3647475!16s%2Fg%2F11cn6b3zfx!19sChIJf8ZafEpQqEcRUAZQT-9cLkE?authuser=0&hl=en&rclk=1","reservation@oh-panama.com, hello@oh-panama.com, RESERVATION@OH-PANAMA.COM"
Restaurant Marjellchen,4.6,"1,940",German restaurant,"Mommsenstraße 9, 10629 Berlin, Germany",http://www.restaurant-marjellchen-berlin.de/,+49 30 8832676,https://www.google.com/maps/place/Restaurant+Marjellchen/data=!4m7!3m6!1s0x47a850e48c3433ef:0x38ee9ce445d4569b!8m2!3d52.5031687!4d13.3177558!16s%2Fg%2F1tt8b8xf!19sChIJ7zM0jORQqEcRm1bUReSc7jg?authuser=0&hl=en&rclk=1,info@restaurant-marjellchen-berlin.de
Pantry,4.5,976,Restaurant,"Friedrichstraße 120, 10117 Berlin, Germany",http://www.pantry-berlin.com/,+49 30 28091113,https://www.google.com/maps/place/Pantry/data=!4m7!3m6!1s0x47a851e97b0b4607:0xeac00ec9e04e2d22!8m2!3d52.526615!4d13.3868762!16s%2Fg%2F11cfh5w2j!19sChIJB0YLe-lRqEcRIi1O4MkOwOo?authuser=0&hl=en&rclk=1,mail@pantry-berlin.com
Ebert,4.6,855,German restaurant,"Eisenzahnstraße 59, 10709 Berlin, Germany",https://www.restaurant-ebert.de/,+49 30 8917567,https://www.google.com/maps/place/Ebert/data=!4m7!3m6!1s0x47a850e9a5a46641:0x4b296bee9e70b296!8m2!3d52.4967139!4d13.3053778!16s%2Fg%2F1vknndhm!19sChIJQWakpelQqEcRlrJwnu5rKUs?authuser=0&hl=en&rclk=1,"info@restaurant-ebert.de, info@dividry.com"
Berliner Kindl,4.1,48,Restaurant,"Wilhelmstraße 78, 10117 Berlin, Germany",,,https://www.google.com/maps/place/Berliner+Kindl/data=!4m7!3m6!1s0x47a851a62b898d8b:0x12e7c23abf6e2282!8m2!3d52.5143098!4d13.3813957!16s%2Fg%2F11qb8yqpzl!19sChIJi42JK6ZRqEcRgiJuvzrC5xI?authuser=0&hl=en&rclk=1,
RISTORANTE ARLECCHINO CUCINA & ITALIANA,4.6,"1,984",Italian restaurant,"Meinekestraße 25, 10719 Berlin, Germany",https://ristorante-arlecchino.de/,+49 30 8812563,https://www.google.com/maps/place/RISTORANTE+ARLECCHINO+CUCINA+%26+ITALIANA/data=!4m7!3m6!1s0x47a850f94f219d9d:0x123e170fc09dd25a!8m2!3d52.5023065!4d13.3292929!16s%2Fg%2F1tdn33l7!19sChIJnZ0hT_lQqEcRWtKdwA8XPhI?authuser=0&hl=en&rclk=1,info@ristorante-arlecchino.de
Secret Kitchen of Mia,5,9,Restaurant,"Alte Schönhauser Str. 4, 10119 Berlin, Germany",,,https://www.google.com/maps/place/Secret+Kitchen+of+Mia/data=!4m7!3m6!1s0x47a851b24dea43af:0x461955819bf12ba6!8m2!3d52.5279599!4d13.4085108!16s%2Fg%2F11tfjt0zs5!19sChIJr0PqTbJRqEcRpivxm4FVGUY?authuser=0&hl=en&rclk=1,
POTS,4.6,248,Restaurant,"Potsdamer Platz 3, 10785 Berlin, Germany",https://www.potsrestaurant.com/de/,+49 30 337775402,https://www.google.com/maps/place/POTS/data=!4m7!3m6!1s0x47a851aa8abeeb37:0x76bf1b3aaf73d7ab!8m2!3d52.5102754!4d13.3752548!16s%2Fg%2F11fjvzyg3z!19sChIJN-u-iqpRqEcRq9dzrzobv3Y?authuser=0&hl=en&rclk=1,"hr.berlin@ritzcarlton.com, pots.berlin@ritzcarlton.com"
Belmondo,4.6,539,French restaurant,"Knesebeckstraße 93, 10623 Berlin, Germany",http://www.belmondo-berlin.de/,+49 30 36287261,https://www.google.com/maps/place/Belmondo/data=!4m7!3m6!1s0x47a8511d558332fd:0x83e722c22d30d24f!8m2!3d52.5090466!4d13.3232022!16s%2Fg%2F1wb8sqxs!19sChIJ_TKDVR1RqEcRT9IwLcIi54M?authuser=0&hl=en&rclk=1,info@belmondo-berlin.de
Restaurant Dae Mon,4.8,649,Fusion restaurant,"Monbijoupl. 11, 10178 Berlin, Germany",https://dae-mon.com/,+49 30 26304811,https://www.google.com/maps/place/Restaurant+Dae+Mon/data=!4m7!3m6!1s0x47a851e74e032c31:0x25dc3e501793aacf!8m2!3d52.5227699!4d13.399358!16s%2Fg%2F11b6hwzkdv!19sChIJMSwDTudRqEcRz6qTF1A-3CU?authuser=0&hl=en&rclk=1,mail@dae-mon.com
Dicke Wirtin,4.5,"4,820",German restaurant,"Carmerstraße 9, 10623 Berlin, Germany",https://dicke-wirtin.de/,+49 30 3124952,https://www.google.com/maps/place/Dicke+Wirtin/data=!4m7!3m6!1s0x47a850fd2622a06f:0x884cf3a61764e842!8m2!3d52.5065268!4d13.3235691!16s%2Fg%2F1tdgz9zv!19sChIJb6AiJv1QqEcRQuhkF6bzTIg?authuser=0&hl=en&rclk=1,"post@dicke-wirtin.de, Logo@2x.png"
Restaurant Maximilians Berlin,4.4,"10,112",Bavarian restaurant,"Friedrichstraße 185-190, 10117 Berlin, Germany",https://www.maximilians-berlin.de/,+49 30 20450559,https://www.google.com/maps/place/Restaurant+Maximilians+Berlin/data=!4m7!3m6!1s0x47a851d07038fccd:0xee7212867d17fced!8m2!3d52.5114055!4d13.3892688!16s%2Fg%2F1v3dr4q3!19sChIJzfw4cNBRqEcR7fwXfYYScu4?authuser=0&hl=en&rclk=1,info@dp-wired.de
Gasthaus Kater Alex,4.7,613,Restaurant,"Kaiser-Friedrich-Straße 29, 10585 Berlin, Germany",https://www.gasthauskateralex-berlin.de/,+49 30 34709065,https://www.google.com/maps/place/Gasthaus+Kater+Alex/data=!4m7!3m6!1s0x47a8512753e40eaf:0xe192fa57a71ebe93!8m2!3d52.5117861!4d13.3011651!16s%2Fg%2F11c6vzfhwh!19sChIJrw7kUydRqEcRk74ep1f6kuE?authuser=0&hl=en&rclk=1,
BLOCK HOUSE,4.4,"9,534",Steak house,"Karl-Liebknecht-Str. 7, 10178 Berlin, Germany",https://www.block-house.de/restaurants/berlin/am-alexanderplatz,+49 30 2423300,https://www.google.com/maps/place/BLOCK+HOUSE/data=!4m7!3m6!1s0x47a851dfe4ab0063:0x4a62c057045acb76!8m2!3d52.5206283!4d13.4050927!16s%2Fg%2F1td4cl5v!19sChIJYwCr5N9RqEcRdstaBFfAYko?authuser=0&hl=en&rclk=1,
Restaurant Bieberbau,4.5,564,Fine dining restaurant,"Durlacher Str. 15, 10715 Berlin, Germany",http://www.bieberbau-berlin.de/,+49 30 8532390,https://www.google.com/maps/place/Restaurant+Bieberbau/data=!4m7!3m6!1s0x47a85064140ea9a5:0xe2deefac2752505c!8m2!3d52.4795489!4d13.3337296!16s%2Fg%2F1tfpnqvv!19sChIJpakOFGRQqEcRXFBSJ6zv3uI?authuser=0&hl=en&rclk=1,"dpo@wordpress.org, dpo-google@google.com, restaurant@bieberbau-berlin.de"
Lokal,4.4,900,German restaurant,"Linienstraße 160, 10115 Berlin, Germany",http://www.lokal-berlinmitte.de/,+49 30 28449500,https://www.google.com/maps/place/Lokal/data=!4m7!3m6!1s0x47a851e6001a49ef:0x331ef005ec081289!8m2!3d52.5278823!4d13.3947796!16s%2Fg%2F1hcbjbnmh!19sChIJ70kaAOZRqEcRiRII7AXwHjM?authuser=0&hl=en&rclk=1,reservierung@lokal-berlin.com
Berliner Kartoffelhaus,4.1,"3,044",Restaurant,"Karl-Liebknecht-Str. 9, 10178 Berlin, Germany",http://www.berliner-kartoffelhaus.de/,+49 30 24729373,https://www.google.com/maps/place/Berliner+Kartoffelhaus/data=!4m7!3m6!1s0x47a851e006b10fbb:0xbc58216f0033fc83!8m2!3d52.5211111!4d13.406111!16s%2Fg%2F11cm3y2mmk!19sChIJuw-xBuBRqEcRg_wzAG8hWLw?authuser=0&hl=en&rclk=1,info@berliner-kartoffelhaus.de
Restaurant Keyser Soze - Berlin,4.5,985,Restaurant,"Tucholskystraße 33, 10117 Berlin, Germany",http://www.keyser-soze.de/,+49 30 28599489,https://www.google.com/maps/place/Restaurant+Keyser+Soze+-+Berlin/data=!4m7!3m6!1s0x47a851e89ba0dfb7:0x62246593a8010461!8m2!3d52.5262471!4d13.3932925!16s%2Fg%2F1tdb_p7b!19sChIJt9-gm-hRqEcRYQQBqJNlJGI?authuser=0&hl=en&rclk=1,reservierung@keyser-soze.de
Jolly,4.5,"2,552",Chinese restaurant,"Am Kupfergraben 4/4a, 10117 Berlin, Germany",http://www.restaurant-jolly.de/,+49 30 20059500,https://www.google.com/maps/place/Jolly/data=!4m7!3m6!1s0x47a851dd096eab3f:0xec4bfec3852d76a0!8m2!3d52.5205972!4d13.3946916!16s%2Fg%2F12lkyt3qr!19sChIJP6tuCd1RqEcRoHYthcP-S-w?authuser=0&hl=en&rclk=1,service@restaurant-jolly.de
1811,4.8,227,German restaurant,"Schlüterstraße 55, 10629 Berlin, Germany",https://1811-berlin.de/,+49 30 8813440,https://www.google.com/maps/place/1811/data=!4m7!3m6!1s0x47a851fa144ecf61:0xb878384cbf6f2f08!8m2!3d52.5044354!4d13.3177009!16s%2Fg%2F11j8z62d6z!19sChIJYc9OFPpRqEcRCC9vv0w4eLg?authuser=0&hl=en&rclk=1,info@1811.berlin
Restauration 1840,4,"2,836",German restaurant,"Am Zwirngraben 8-10, 10178 Berlin, Germany",https://www.berlin-1840.de/,+49 30 24727401,https://www.google.com/maps/place/Restauration+1840/data=!4m7!3m6!1s0x47a851e092883885:0x9de725067c88ceee!8m2!3d52.5227808!4d13.4026411!16s%2Fg%2F1td2syb7!19sChIJhTiIkuBRqEcR7s6IfAYl550?authuser=0&hl=en&rclk=1,restaurant@berlin-1840.de
Hugos,4.7,283,Fine dining restaurant,"Budapester Str. 2, 10787 Berlin, Germany",https://www.berlin.intercontinental.com/de/dine/hugos-restaurant/,+49 30 26021263,https://www.google.com/maps/place/Hugos/data=!4m7!3m6!1s0x47a851acba63a517:0x71281f74e7843189!8m2!3d52.5071348!4d13.3449058!16s%2Fg%2F1tfg6p_f!19sChIJF6VjuqxRqEcRiTGE53QfKHE?authuser=0&hl=en&rclk=1,"berlin@ihg.com, mail@hugos-restaurant.de, intercontinental.berlin@ihg.com"
Blend Berlin Kitchen & Bar,4,312,Fusion restaurant,"Budapester Str. 25, 10787 Berlin, Germany",http://restaurant-blend.com/,+49 30 26962696,https://www.google.com/maps/place/Blend+Berlin+Kitchen+%26+Bar/data=!4m7!3m6!1s0x47a85054b6fb6f6f:0x45a85470f17c240b!8m2!3d52.5060164!4d13.3439453!16s%2Fg%2F1tqtwxtf!19sChIJb2_7tlRQqEcRCyR88XBUqEU?authuser=0&hl=en&rclk=1,
Viti Restaurant Berlin,4.6,743,Asian restaurant,"Wilhelmstraße 94, 10117 Berlin, Germany",http://www.viti-restaurant.de/,+49 30 32662401,https://www.google.com/maps/place/Viti+Restaurant+Berlin/data=!4m7!3m6!1s0x47a8515aa67daf01:0x3875dd26f10a6a55!8m2!3d52.5117287!4d13.3827809!16s%2Fg%2F11nnvnxn12!19sChIJAa99plpRqEcRVWoK8SbddTg?authuser=0&hl=en&rclk=1,
Buschbeck's Restaurant,4.7,329,German restaurant,"Trendelenburgstraße 14, 14057 Berlin, Germany",http://www.buschbecks-berlin.com/,+49 30 32604166,https://www.google.com/maps/place/Buschbeck%27s+Restaurant/data=!4m7!3m6!1s0x47a850da7288887b:0x431bd08930054597!8m2!3d52.5056877!4d13.2920637!16s%2Fg%2F1tgdh00l!19sChIJe4iIctpQqEcRl0UFMInQG0M?authuser=0&hl=en&rclk=1,buschbecks@freenet.de
Boulevard Friedrichstrasse,4.4,"1,685",German restaurant,"Friedrichstraße 106C, 10117 Berlin, Germany",http://www.boulevard.berlin/,+49 30 2833437,https://www.google.com/maps/place/Boulevard+Friedrichstrasse/data=!4m7!3m6!1s0x47a851c278be912b:0xfcbf836137f2ae63!8m2!3d52.5230098!4d13.3884871!16s%2Fg%2F1v6qgnkm!19sChIJK5G-eMJRqEcRY67yN2GDv_w?authuser=0&hl=en&rclk=1,mail@boulevard-friedrichstrasse.de
Monsieur Vuong,4.5,"6,221",Vietnamese restaurant,"Alte Schönhauser Str. 46, 10119 Berlin, Germany",https://www.monsieurvuong.de/,+49 30 99296924,https://www.google.com/maps/place/Monsieur+Vuong/data=!4m7!3m6!1s0x47a851e21efff697:0x38cb9574d7015306!8m2!3d52.5266538!4d13.4079523!16s%2Fg%2F1v2kwglm!19sChIJl_b_HuJRqEcRBlMB13SVyzg?authuser=0&hl=en&rclk=1,
Oxymoron,4.4,"1,146",European restaurant,"Rosenthaler Str. 40-41, 10178 Berlin, Germany",http://www.oxymoron-berlin.de/,+49 30 28391886,https://www.google.com/maps/place/Oxymoron/data=!4m7!3m6!1s0x47a851e0e796b67d:0xfa6bee2e13f95c5b!8m2!3d52.5242225!4d13.4018132!16s%2Fg%2F1tfs9wgr!19sChIJfbaW5-BRqEcRW1z5Ey7ua_o?authuser=0&hl=en&rclk=1,
Kitchen Library,4.7,181,Restaurant,"Bleibtreustraße 55, 10623 Berlin, Germany",http://www.kitchen-library.de/,+49 30 3125449,https://www.google.com/maps/place/Kitchen+Library/data=!4m7!3m6!1s0x47a850e2e89129c9:0x8eafaf9b9ed7c689!8m2!3d52.5071687!4d13.3205297!16s%2Fg%2F11cnmzmsrn!19sChIJySmR6OJQqEcRicbXnpuvr44?authuser=0&hl=en&rclk=1,info@kitchen-library.de
Grill Royal,4.3,"2,482",Steak house,"Friedrichstraße 105b, 10117 Berlin, Germany",http://grillroyal.com/,+49 30 28879288,https://www.google.com/maps/place/Grill+Royal/data=!4m7!3m6!1s0x47a851c27d3a8b8f:0xb0c069335f393de5!8m2!3d52.5226847!4d13.3887989!16s%2Fg%2F1tf3ydky!19sChIJj4s6fcJRqEcR5T05XzNpwLA?authuser=0&hl=en&rclk=1,"people@grillroyal.com, debitoren@grillroyal.com, voucher@grillroyal.com, office@grillroyal.com"
Nante-Eck,4.5,"4,572",German restaurant,"Unter den Linden 35, 10117 Berlin, Germany",https://www.nante-eck.de/,+49 30 22487257,https://www.google.com/maps/place/Nante-Eck/data=!4m7!3m6!1s0x47a851c4be9016e7:0x4174f7a2cb96cf37!8m2!3d52.5166722!4d13.388301!16s%2Fg%2F1v8y31rr!19sChIJ5xaQvsRRqEcRN8-Wy6L3dEE?authuser=0&hl=en&rclk=1,"8eb368c655b84e029ed79ad7a5c1718e@sentry.wixpress.com, 605a7baede844d278b89dc95ae0a9123@sentry-next.wixpress.com"
Schildkröte,4.3,"2,145",German restaurant,"Kurfürstendamm 212, 10719 Berlin, Germany",https://www.restaurant-schildkroete.de/,+49 30 8816770,https://www.google.com/maps/place/Schildkr%C3%B6te/data=!4m7!3m6!1s0x47a850fb95c02627:0x5b8f4d7d9d5aef9!8m2!3d52.5018905!4d13.3253887!16s%2Fg%2F1thsdy_j!19sChIJJybAlftQqEcR-a7V2df0uAU?authuser=0&hl=en&rclk=1,"8eb368c655b84e029ed79ad7a5c1718e@sentry.wixpress.com, reservierung@restaurant-schildkroete.de, 605a7baede844d278b89dc95ae0a9123@sentry-next.wixpress.com"
Diekmann,4.5,358,Restaurant,"Meinekestraße 7, 10719 Berlin, Germany",http://www.diekmann-restaurant.de/,+49 30 8833321,https://www.google.com/maps/place/Diekmann/data=!4m7!3m6!1s0x47a850f96923ad7b:0x4a207d79ddf24db0!8m2!3d52.5013569!4d13.3285077!16s%2Fg%2F1tdgtf4g!19sChIJe60jaflQqEcRsE3y3Xl9IEo?authuser=0&hl=en&rclk=1,meineke@diekmann-restaurant.de
BBQ Kitchen,4.5,"2,220",Barbecue restaurant,"Am Zwirngraben 5, 10178 Berlin, Germany",https://www.bbq-kitchen.de/,+49 30 27909816,https://www.google.com/maps/place/BBQ+Kitchen/data=!4m7!3m6!1s0x47a851e0f2e5fccd:0x918ec470e68f3a3f!8m2!3d52.5229076!4d13.4031242!16s%2Fg%2F1pp2w_4yk!19sChIJzfzl8uBRqEcRPzqP5nDEjpE?authuser=0&hl=en&rclk=1,info@bbq-kitchen.de
Ristorante Piccolo Mondo,4.4,"1,395",Italian restaurant,"Reichsstraße 9, 14052 Berlin, Germany",https://www.piccolo-mondo.de/,+49 30 30102030,https://www.google.com/maps/place/Ristorante+Piccolo+Mondo/data=!4m7!3m6!1s0x47a85729a9f10221:0xaaf6b262c72f52e1!8m2!3d52.512361!4d13.2679368!16s%2Fg%2F1tt0q4dm!19sChIJIQLxqSlXqEcR4VIvx2Ky9qo?authuser=0&hl=en&rclk=1,info@piccolo-mondo.de
PeterPaul,4.7,894,German restaurant,"Torstraße 99, 10119 Berlin, Germany",http://peterpaul.berlin/,+49 30 43773043,https://www.google.com/maps/place/PeterPaul/data=!4m7!3m6!1s0x47a851e37af0326d:0x1e84aa3b3e40a389!8m2!3d52.5299794!4d13.4042659!16s%2Fg%2F11c6w0p0fh!19sChIJbTLweuNRqEcRiaNAPjuqhB4?authuser=0&hl=en&rclk=1,"mail@peterpaul.berlin, privacy@opentable.com"
Restaurant Berliner Hof,4.5,"1,012",German restaurant,"Hildegardstraße 14, 10715 Berlin, Germany",http://www.restaurant-berliner-hof.de/,+49 30 85072860,https://www.google.com/maps/place/Restaurant+Berliner+Hof/data=!4m7!3m6!1s0x47a8508a2afe13e3:0x230a35ca2da8d78d!8m2!3d52.4819388!4d13.3225588!16s%2Fg%2F1tcw766j!19sChIJ4xP-KopQqEcRjdeoLco1CiM?authuser=0&hl=en&rclk=1,
Dolcini,4.7,806,Italian restaurant,"Jägerstraße 70, 10117 Berlin, Germany",http://www.dolcini.berlin/,+49 30 24630456,https://www.google.com/maps/place/Dolcini/data=!4m7!3m6!1s0x47a851c5383f3127:0x50d8d10e4307698f!8m2!3d52.5138203!4d13.3867574!16s%2Fg%2F11b6zsyt_8!19sChIJJzE_OMVRqEcRj2kHQw7R2FA?authuser=0&hl=en&rclk=1,avanti@dolcini.berlin
Zur Gerichtslaube,4.4,"4,108",German restaurant,"Poststraße 28, 10178 Berlin, Germany",http://www.gerichtslaube.de/,+49 30 2415697,https://www.google.com/maps/place/Zur+Gerichtslaube/data=!4m7!3m6!1s0x47a84e20bdb1579d:0xb7cf3ec3c53df07e!8m2!3d52.5170542!4d13.4063319!16s%2Fg%2F1q5ccdd1h!19sChIJnVexvSBOqEcRfvA9xcM-z7c?authuser=0&hl=en&rclk=1,info@gerichtslaube.de
Bavaria Berlin,4.5,"1,669",Restaurant,"Hannah-Arendt-Straße 3, 10117 Berlin, Germany",https://www.bavaria-company.com/,+49 30 36758096,https://www.google.com/maps/place/Bavaria+Berlin/data=!4m7!3m6!1s0x47a851f45260c259:0xd185e30b291d8a6c!8m2!3d52.5135719!4d13.3810545!16s%2Fg%2F11hxmgv736!19sChIJWcJgUvRRqEcRbIodKQvjhdE?authuser=0&hl=en&rclk=1,bavaria@bavaria-company.com
Yarok,4.6,"2,081",Syrian restaurant,"Torstraße 195, 10115 Berlin, Germany",https://speisekartenweb.de/restaurants/berlin/yarok-32690?utm_source=google_profile&utm_medium=google_profile&utm_campaign=admin,,https://www.google.com/maps/place/Yarok/data=!4m7!3m6!1s0x47a851e8d2b17077:0x8d44eb9d71aa166e!8m2!3d52.5283375!4d13.3920495!16s%2Fg%2F1hc0tdq41!19sChIJd3Cx0uhRqEcRbhaqcZ3rRI0?authuser=0&hl=en&rclk=1,
Lebensmittel in Mitte,4.1,"1,219",German restaurant,"Rochstraße 2, 10178 Berlin, Germany",,+49 30 27596130,https://www.google.com/maps/place/Lebensmittel+in+Mitte/data=!4m7!3m6!1s0x47a851e1ce4b62a5:0x812c5b845c124b16!8m2!3d52.5242336!4d13.4073825!16s%2Fg%2F1v46zcwh!19sChIJpWJLzuFRqEcRFksSXIRbLIE?authuser=0&hl=en&rclk=1,
Zur letzten Instanz,4.2,"2,955",German restaurant,"Waisenstraße 14-16, 10179 Berlin, Germany",https://zurletzteninstanz.com/,+49 30 2425528,https://www.google.com/maps/place/Zur+letzten+Instanz/data=!4m7!3m6!1s0x47a84e23cf1b61d5:0xcb3cca6019ceaa2a!8m2!3d52.5173692!4d13.4137999!16s%2Fg%2F1226m4c_!19sChIJ1WEbzyNOqEcRKqrOGWDKPMs?authuser=0&hl=en&rclk=1,post@zurletzteninstanz.de
Pequena Habana Restaurant Berlin,4.8,780,Cuban restaurant,"Eisenacher Str. 48, 10823 Berlin, Germany",https://pequena-habana.de/,+49 30 30360275,https://www.google.com/maps/place/Pequena+Habana+Restaurant+Berlin/data=!4m7!3m6!1s0x47a85043ba902fd3:0xa61ed9c449c1cc7c!8m2!3d52.4877694!4d13.3491678!16s%2Fg%2F11bc7t0qgq!19sChIJ0y-QukNQqEcRfMzBScTZHqY?authuser=0&hl=en&rclk=1,eric@pequena-habana.de
Salamat,4.7,"1,058",Middle Eastern restaurant,"Gartenstraße 1, 10115 Berlin, Germany",https://www.salamat-berlin.de/,+49 30 28884994,https://www.google.com/maps/place/Salamat/data=!4m7!3m6!1s0x47a851ef458ba3cb:0xb8b3aac055bd49b2!8m2!3d52.5287366!4d13.393801!16s%2Fg%2F11ddvcbbkr!19sChIJy6OLRe9RqEcRskm9VcCqs7g?authuser=0&hl=en&rclk=1,
Schlögl's - Altberliner Gaststätte,4.5,"1,578",German restaurant,"Karl-Liebknecht-Str. 9, 10178 Berlin, Germany",https://www.berliner-essen.de/,+49 30 2411221,https://www.google.com/maps/place/Schl%C3%B6gl%27s+-+Altberliner+Gastst%C3%A4tte/data=!4m7!3m6!1s0x416523d01b5684c1:0x4cb6ee5f1d32966a!8m2!3d52.5214008!4d13.4059743!16s%2Fg%2F1vd3tt_r!19sChIJwYRWG9AjZUERapYyHV_utkw?authuser=0&hl=en&rclk=1,adschloeg@web.de
Cocolo Ramen,4.5,"1,974",Ramen restaurant,"Gipsstraße 3, 10119 Berlin, Germany",http://kuchi.de/restaurant/cocolo-ramen/,,https://www.google.com/maps/place/Cocolo+Ramen/data=!4m7!3m6!1s0x47a851bbe42f818f:0x94b1f5ce44190ba7!8m2!3d52.5272126!4d13.3993309!16s%2Fg%2F11hml2d910!19sChIJj4Ev5LtRqEcRpwsZRM71sZQ?authuser=0&hl=en&rclk=1,cocolo@kuchi.de
893 Ryōtei Japanese Restaurant,4.6,"1,733",Japanese restaurant,"Kantstraße 135/136, 10625 Berlin, Germany",https://893ryotei.de/,+49 176 56754107,https://www.google.com/maps/place/893+Ry%C5%8Dtei+Japanese+Restaurant/data=!4m7!3m6!1s0x47a850e3bc8abf53:0xce4e836130c1d090!8m2!3d52.5058908!4d13.316971!16s%2Fg%2F11bzq0s5x1!19sChIJU7-KvONQqEcRkNDBMGGDTs4?authuser=0&hl=en&rclk=1,info@893ryotei.de
Rotisserie Weingrün,4.5,"1,106",German restaurant,"Gertraudenstraße 10-12, 10178 Berlin, Germany",https://www.rotisserie-weingruen.de/,+49 30 20621900,https://www.google.com/maps/place/Rotisserie+Weingr%C3%BCn/data=!4m7!3m6!1s0x47a84e278616a735:0xb613385505ddd7b2!8m2!3d52.5126717!4d13.4029553!16s%2Fg%2F1tjjndg0!19sChIJNacWhidOqEcRstfdBVU4E7Y?authuser=0&hl=en&rclk=1,
Restaurant Tim Raue,4.6,"1,296",Fine dining restaurant,"Rudi-Dutschke-Straße 26, 10969 Berlin, Germany",https://tim-raue.com/,+49 30 25937930,https://www.google.com/maps/place/Restaurant+Tim+Raue/data=!4m7!3m6!1s0x47a851d15498dca5:0x8eadc335b0d83a15!8m2!3d52.5068988!4d13.3914818!16s%2Fg%2F1tf6fn__!19sChIJpdyYVNFRqEcRFTrYsDXDrY4?authuser=0&hl=en&rclk=1,office@tim-raue.com
Cookies Cream,4.5,"1,191",Fine dining restaurant,"Behrenstraße 55, 10117 Berlin, Germany",https://cookiescream.com/,+49 30 680730448,https://www.google.com/maps/place/Cookies+Cream/data=!4m7!3m6!1s0x47a851c4b6eb8f57:0x74567436341aaa20!8m2!3d52.51562!4d13.3876966!16s%2Fg%2F1thtc4xq!19sChIJV4_rtsRRqEcRIKoaNDZ0VnQ?authuser=0&hl=en&rclk=1,cream@cookiescream.com
Madami - Mom's Viet Kitchen,4.4,"3,589",Vietnamese restaurant,"Rosa-Luxemburg-Straße 3, 10178 Berlin, Germany",http://www.madami-restaurant.de/,+49 30 65779266,https://www.google.com/maps/place/Madami+-+Mom%27s+Viet+Kitchen/data=!4m7!3m6!1s0x47a84e1fd1e33e39:0x3e26c82b22aa020d!8m2!3d52.5233652!4d13.4089454!16s%2Fg%2F11b7rnbk0n!19sChIJOT7j0R9OqEcRDQKqIivIJj4?authuser=0&hl=en&rclk=1,mama@madami-restaurant.de
Michelberger Restaurant,4.2,531,Restaurant,"Warschauer Str. 39-40, 10243 Berlin, Germany",https://michelbergerhotel.com/en/restaurant,+49 30 297785924,https://www.google.com/maps/place/Michelberger+Restaurant/data=!4m7!3m6!1s0x47a84e506f08e19f:0xfee9f03669a88b58!8m2!3d52.5045788!4d13.4478897!16s%2Fg%2F11bxjgkkr0!19sChIJn-EIb1BOqEcRWIuoaTbw6f4?authuser=0&hl=en&rclk=1,"wir@michelberger.farm, distribution@michelbergerhotel.com, reservations@michelbergerhotel.com"
Mutter Hoppe,4.4,"3,721",Restaurant,"Rathausstraße 21, 10178 Berlin, Germany",http://mutterhoppe.de/,+49 30 24720603,https://www.google.com/maps/place/Mutter+Hoppe/data=!4m7!3m6!1s0x47a84e209db3b635:0x79fccc05cae3ded0!8m2!3d52.5177056!4d13.4062088!16s%2Fg%2F1tppq_dd!19sChIJNbaznSBOqEcR0N7jygXM_Hk?authuser=0&hl=en&rclk=1,"reservierung@mutterhoppe.de, info@mutterhoppe.de"
LAWRENCE berlin mitte,4.1,"1,017",Middle Eastern restaurant,"Oranienburger Str. 69, 10117 Berlin, Germany",https://lawrence.berlin/,+49 30 55104430,https://www.google.com/maps/place/LAWRENCE+berlin+mitte/data=!4m7!3m6!1s0x47a851e87a8053e3:0x925e8fce149d744e!8m2!3d52.524816!4d13.392472!16s%2Fg%2F11g8fzqw_2!19sChIJ41OAeuhRqEcRTnSdFM6PXpI?authuser=0&hl=en&rclk=1,info@lawrence.berlin
Restaurant VOLT,4.5,533,German restaurant,"Paul-Lincke-Ufer 21, 10999 Berlin, Germany",http://www.restaurant-volt.de/,+49 30 338402320,https://www.google.com/maps/place/Restaurant+VOLT/data=!4m7!3m6!1s0x47a84fb45e7b7f57:0x3701c9f7fd2cf271!8m2!3d52.4936673!4d13.4299587!16s%2Fg%2F1thgg17z!19sChIJV397XrRPqEcRcfIs_ffJATc?authuser=0&hl=en&rclk=1,
Tafelrunde,4.5,863,German restaurant,"Nachodstraße 21, 10779 Berlin, Germany",https://www.tafelrunde-berlin.de/,+49 30 2112141,https://www.google.com/maps/place/Tafelrunde/data=!4m7!3m6!1s0x47a850586852977b:0xc9db666f6f78b296!8m2!3d52.494956!4d13.3341965!16s%2Fg%2F1tcxyvwb!19sChIJe5dSaFhQqEcRlrJ4b29m28k?authuser=0&hl=en&rclk=1,"8c4075d5481d476e945486754f783364@sentry.io, c183baa23371454f99f417f6616b724d@sentry.wixpress.com, 8eb368c655b84e029ed79ad7a5c1718e@sentry.wixpress.com, 605a7baede844d278b89dc95ae0a9123@sentry-next.wixpress.com, 88170cb0c9d64f94b5821ca7fd2d55a4@sentry-next.wixpress.com, dd0a55ccb8124b9c9d938e3acf41f8aa@sentry.wixpress.com"
Zur Haxe,4.6,"2,664",German restaurant,"Erich-Weinert-Straße 128, 10409 Berlin, Germany",http://zurhaxe-berlin.de/,+49 30 4216312,https://www.google.com/maps/place/Zur+Haxe/data=!4m7!3m6!1s0x47a84de48281b9c9:0x95e3eb8607c13167!8m2!3d52.5448106!4d13.4369117!16s%2Fg%2F12hk69ghl!19sChIJybmBguRNqEcRZzHBB4br45U?authuser=0&hl=en&rclk=1,
Bocca di Bacco,4.2,"1,160",Italian restaurant,"Friedrichstraße 167-168, 10117 Berlin, Germany",https://www.boccadibacco.de/,+49 30 20672828,https://www.google.com/maps/place/Bocca+di+Bacco/data=!4m7!3m6!1s0x47a851db2a3d983f:0xd04c5259ed71ac14!8m2!3d52.5151203!4d13.3889483!16s%2Fg%2F1tp269j5!19sChIJP5g9KttRqEcRFKxx7VlSTNA?authuser=0&hl=en&rclk=1,info@boccadibacco.de
Birdsnest - Ngon,4.3,"1,570",Fusion restaurant,"Rathausstraße 23, 10178 Berlin, Germany",https://www.birdsnest.berlin/,+49 174 1923359,https://www.google.com/maps/place/Birdsnest+-+Ngon/data=!4m7!3m6!1s0x47a84e20a0346d37:0xb031c0e3666d5c45!8m2!3d52.5174645!4d13.4051335!16s%2Fg%2F11d_fdd7bk!19sChIJN200oCBOqEcRRVxtZuPAMbA?authuser=0&hl=en&rclk=1,info@birdsnest.berlin
Irma La Douce,4.5,220,Fine dining restaurant,"Potsdamer Str. 102, 10785 Berlin, Germany",http://irmaladouce.de/,+49 30 23000555,https://www.google.com/maps/place/Irma+La+Douce/data=!4m7!3m6!1s0x47a851ef5c3a5827:0x7d3b38c5c567c7e4!8m2!3d52.50146!4d13.3639029!16s%2Fg%2F11h_zbjy8q!19sChIJJ1g6XO9RqEcR5MdnxcU4O30?authuser=0&hl=en&rclk=1,
Restaurant Panther | Klassische und moderne deutsche Küche,4.6,529,German restaurant,"Waldemarstraße 119, 10997 Berlin, Germany",http://www.restaurantpanther.de/,+49 177 5518788,https://www.google.com/maps/place/Restaurant+Panther+%7C+Klassische+und+moderne+deutsche+K%C3%BCche/data=!4m7!3m6!1s0x47a84e4a3ffb25d5:0xdd19da2d513264bd!8m2!3d52.5008711!4d13.4298726!16s%2Fg%2F11btvb6zgc!19sChIJ1SX7P0pOqEcRvWQyUS3aGd0?authuser=0&hl=en&rclk=1,
Biergarten am Schlachtensee,3.8,377,Beer garden,"Fischerhüttenstraße 136, 14163 Berlin, Germany",http://www.fischerhuette-berlin.de/,+49 30 80498310,https://www.google.com/maps/place/Biergarten+am+Schlachtensee/data=!4m7!3m6!1s0x47a859cc4ee6a97f:0x121052c9a0ff408d!8m2!3d52.4450583!4d13.2273812!16s%2Fg%2F11j22syt73!19sChIJf6nmTsxZqEcRjUD_oMlSEBI?authuser=0&hl=en&rclk=1,info@fischerhuette-berlin.de
Paulaner Wirtshaus Berlin Potsdamer Platz,4.4,"1,524",European restaurant,"in der Fußgängerzone außerhalb von The Playce Potsdamer Platz, Alte Potsdamer Str. 1, 10785 Berlin, Germany",http://www.paulaner-wirtshaus-berlinpotsdamerplatz.de/,+49 170 7859422,https://www.google.com/maps/place/Paulaner+Wirtshaus+Berlin+Potsdamer+Platz/data=!4m7!3m6!1s0x47a8518f44d2a465:0xfdf558db37a41668!8m2!3d52.5083769!4d13.3753139!16s%2Fg%2F11fpj5tvzl!19sChIJZaTSRI9RqEcRaBakN9tY9f0?authuser=0&hl=en&rclk=1,restaurant@paulaner-wirtshaus-berlinpotsdamerplatz.de
Taverna Athene,4.6,"2,494",Greek restaurant,"Tempelhofer Ufer 12, 10963 Berlin, Germany",https://www.taverna-athene.de/,+49 30 2516069,https://www.google.com/maps/place/Taverna+Athene/data=!4m7!3m6!1s0x47a8502c4475caed:0xdef86a5ba8197e77!8m2!3d52.498227!4d13.385409!16s%2Fg%2F1thf7lhj!19sChIJ7cp1RCxQqEcRd34ZqFtq-N4?authuser=0&hl=en&rclk=1,
Schwarzwaldstuben,4.3,"1,508",German restaurant,"Tucholskystraße 48, 10117 Berlin, Germany",http://www.schwarzwaldstuben.berlin/,+49 30 50016266,https://www.google.com/maps/place/Schwarzwaldstuben/data=!4m7!3m6!1s0x47a851e8b6759bf5:0x31fd4839160d3be4!8m2!3d52.5276604!4d13.3930615!16s%2Fg%2F1tf7wrj7!19sChIJ9Zt1tuhRqEcR5DsNFjlI_TE?authuser=0&hl=en&rclk=1,"schwarzwaldstuben.berlin@gmail.com, info@schwarzwaldstuben.berlin"
Vedang - plant burger (Mall of Berlin),4.8,"4,573",Hamburger restaurant,"Leipziger Pl. 12, 10117 Berlin, Germany",http://www.vedang.de/,+49 30 22002727,https://www.google.com/maps/place/Vedang+-+plant+burger+%28Mall+of+Berlin%29/data=!4m7!3m6!1s0x47a851bd092f83ab:0xe648377dbc6f41fe!8m2!3d52.5104929!4d13.3800888!16s%2Fg%2F11h714v59k!19sChIJq4MvCb1RqEcR_kFvvH03SOY?authuser=0&hl=en&rclk=1,
136 Restaurant,4.6,224,Fine dining restaurant,"Linienstraße 136, 10115 Berlin, Germany",https://136-berlin.com/,+49 30 27909683,https://www.google.com/maps/place/136+Restaurant/data=!4m7!3m6!1s0x47a8513ed64caa53:0x9e668993abdf536e!8m2!3d52.526346!4d13.3890424!16s%2Fg%2F11h047gwyw!19sChIJU6pM1j5RqEcRblPfq5OJZp4?authuser=0&hl=en&rclk=1,"Sagrantino136@72x.png, booking@sagrantino136.com, booking@136-berlin.com, cropped-Sagrantino136@72x.png"
