Name,Rating,Reviews,Category,Address,city,country,Website,Phone,Url
Radhika Garden Restaurant,4.2,"1,752",Restaurant,"petrol pump, Bypass Circle, Near, Lathi Rd, opp. IBP) Gurudat, Amreli, Gujarat 365601",Amreli,Gujarat,NA,ÓÇ∞099090 92411,https://www.google.com/maps/place/Radhika+Garden+Restaurant/data=!4m7!3m6!1s0x39588128f228403d:0x897fb9c8bc8cb9f6!8m2!3d21.6131264!4d71.24343!16s%2Fg%2F11c5b2yhtm!19sChIJPUAo8iiBWDkR9rmMvMi5f4k?authuser=0&hl=en&rclk=1
Thakar Thal Amreli Is Now Ravi's Thal,4.2,"1,982",Gujarati restaurant,"Rajkamal Chowk, Parek Chamber, Nagnath Rd, Amreli, Gujarat 365601",Amreli,Gujarat,NA,ÓÇ∞02792 224 499,https://www.google.com/maps/place/Thakar+Thal+Amreli+Is+Now+Ravi%27s+Thal/data=!4m7!3m6!1s0x395880c0a073a8ab:0x64646488628630f0!8m2!3d21.6011203!4d71.2160993!16s%2Fg%2F11c5hkf9ns!19sChIJq6hzoMCAWDkR8DCGYohkZGQ?authuser=0&hl=en&rclk=1
AVADH Family Restaurant,4.3,"2,855",North Indian restaurant,"Market Yard Rd, near Ram Enterprises, Amreli Irrigation Division, Manekpara, Amreli, Gujarat 365601",Amreli,Gujarat,NA,ÓÇ∞02792 228 172,https://www.google.com/maps/place/AVADH+Family+Restaurant/data=!4m7!3m6!1s0x395880c121a41167:0x901bfc63c7ce4de0!8m2!3d21.6015199!4d71.2193223!16s%2Fg%2F1262wxfdc!19sChIJZxGkIcGAWDkR4E3Ox2P8G5A?authuser=0&hl=en&rclk=1
Food Paradise / Kastbhanjan Kathiyawadi,4.4,271,Restaurant,"Lathi Rd, opp. Lalavav Hanuman Ji Temple, Bhav Nagar, Amreli, Gujarat 365601",Amreli,Gujarat,NA,NA,https://www.google.com/maps/place/Food+Paradise+%2F+Kastbhanjan+Kathiyawadi/data=!4m7!3m6!1s0x39588134e1b4cac3:0xf53714b1b72562e2!8m2!3d21.6176023!4d71.2505214!16s%2Fg%2F11k40x0gkd!19sChIJw8q04TSBWDkR4mIlt7EUN_U?authuser=0&hl=en&rclk=1
ùêÄùê¶ùê¢ùê´ùêöùê¨ ùêëùêûùê¨ùê≠ùêöùêÆùê´ùêöùêßùê≠ ùêÄùê¶ùê´ùêûùê•ùê¢,4.1,982,South Indian restaurant,"Hiramoti chowk, Liliya Road Sukhnathpara Street No 1.5, Amreli, Gujarat 365601",Amreli,Gujarat,https://wa.me/message/HT2FLFKYUCRDO1,ÓÇ∞094298 73772,https://www.google.com/maps/place/%F0%9D%90%80%F0%9D%90%A6%F0%9D%90%A2%F0%9D%90%AB%F0%9D%90%9A%F0%9D%90%AC+%F0%9D%90%91%F0%9D%90%9E%F0%9D%90%AC%F0%9D%90%AD%F0%9D%90%9A%F0%9D%90%AE%F0%9D%90%AB%F0%9D%90%9A%F0%9D%90%A7%F0%9D%90%AD+%F0%9D%90%80%F0%9D%90%A6%F0%9D%90%AB%F0%9D%90%9E%F0%9D%90%A5%F0%9D%90%A2/data=!4m7!3m6!1s0x395880bff1fdbb31:0xc707ba446e5e180a!8m2!3d21.597281!4d71.2176945!16s%2Fg%2F11c2j2y0b5!19sChIJMbv98b-AWDkRChhebkS6B8c?authuser=0&hl=en&rclk=1
Krishna Dining Hall,4.3,258,Restaurant,"Shopping Center, Hirakbag, opp. Market Yard, Amreli Irrigation Division, Gate, Amreli, Gujarat 365601",Amreli,Gujarat,NA,ÓÇ∞098799 94001,https://www.google.com/maps/place/Krishna+Dining+Hall/data=!4m7!3m6!1s0x395881c61c682d23:0x9dad9a5661349acf!8m2!3d21.6016003!4d71.2179021!16s%2Fg%2F11fpf7n8jc!19sChIJIy1oHMaBWDkRz5o0YVaarZ0?authuser=0&hl=en&rclk=1
Narayan Bhojan Gruh,4.2,188,Lunch restaurant,"J629+MRV, Market Yard Rd, D.L.B.Society,Amreli, D.L.B. Society, Amreli, Gujarat 365601",Amreli,NA,NA,NA,https://www.google.com/maps/place/Narayan+Bhojan+Gruh/data=!4m7!3m6!1s0x395880c1215aa7a3:0x57f18adafa64bb47!8m2!3d21.6017396!4d71.2195359!16s%2Fg%2F11dymq7h1l!19sChIJo6daIcGAWDkRR7tk-tqK8Vc?authuser=0&hl=en&rclk=1
CHECKMATE FAMILY RESTAURANT - Best Restaurant In Amreli,4.5,35,Restaurant,"oposite, Avadh dairy, Sardar complex, baypass road, Amreli, Gujarat 365601",Amreli,Gujarat,NA,ÓÇ∞087996 02300,https://www.google.com/maps/place/CHECKMATE+FAMILY+RESTAURANT+-+Best+Restaurant+In+Amreli/data=!4m7!3m6!1s0x39588107f9680319:0xb1cdfc68d95aa245!8m2!3d21.6003308!4d71.2382018!16s%2Fg%2F11vb6313zt!19sChIJGQNo-QeBWDkRRaJa2Wj8zbE?authuser=0&hl=en&rclk=1
Momai Dhaba,4.2,893,Gujarati restaurant,"Bhojal Para, Amreli, Gujarat 365601",Amreli,Gujarat,NA,NA,https://www.google.com/maps/place/Momai+Dhaba/data=!4m7!3m6!1s0x395880e76bd6d133:0xd500eb62ddbf269a!8m2!3d21.5968881!4d71.2321095!16s%2Fg%2F11g03hxp42!19sChIJM9HWa-eAWDkRmia_3WLrANU?authuser=0&hl=en&rclk=1
Ganesh Dining Hall,4.1,221,Vegetarian restaurant,"Rajkamal Chowk, 2nd floor, sattadhar complex, Hathila Hanuman Rd, Batar Wadi, Amreli, Gujarat 365601",Amreli,Gujarat,NA,NA,https://www.google.com/maps/place/Ganesh+Dining+Hall/data=!4m7!3m6!1s0x395880c080e03939:0x6ad2e1586c57e5ae!8m2!3d21.596794!4d71.2166922!16s%2Fg%2F11cn0m8h0p!19sChIJOTnggMCAWDkRruVXbFjh0mo?authuser=0&hl=en&rclk=1
MOON LIGHT RESTAURANT,4.4,66,Restaurant,"SHYAM CIRCLE, LILIYA, Amreli Bypass Rd, near DADA BHAGWAN TEMPLE, CHOWKDI, Amreli, Gujarat 365601",Amreli,Gujarat,https://moonlightrestaurant.inmyarea.in/,ÓÇ∞073595 93235,https://www.google.com/maps/place/MOON+LIGHT+RESTAURANT/data=!4m7!3m6!1s0x395881e624491131:0x21a35870b4001b7!8m2!3d21.5957899!4d71.2299797!16s%2Fg%2F11t_j4y3wz!19sChIJMRFJJOaBWDkRtwFAC4c1GgI?authuser=0&hl=en&rclk=1
Akshar Restaurant,4.2,448,Restaurant,"Station Rd, opp. IDBI Bank, Amreli Irrigation Division, D.L.B. Society, Amreli, Gujarat 365601",Amreli,Gujarat,NA,ÓÇ∞097230 83987,https://www.google.com/maps/place/Akshar+Restaurant/data=!4m7!3m6!1s0x395880c11f0f27cd:0x3f840a31b6f10b33!8m2!3d21.6012253!4d71.2193562!16s%2Fg%2F11dxblnypw!19sChIJzScPH8GAWDkRMwvxtjEKhD8?authuser=0&hl=en&rclk=1
uspizza amreli,4.5,"4,596",Pizza restaurant,"Jilla Panchayat Rd, Amreli Irrigation Division, D.L.B. Society, Amreli, Gujarat 365601",Amreli,Gujarat,https://uspizza.in/,ÓÇ∞063563 03020,https://www.google.com/maps/place/uspizza+amreli/data=!4m7!3m6!1s0x395881913678ab35:0x81ed6c6a1fbf1793!8m2!3d21.6026202!4d71.2177342!16s%2Fg%2F11h6slb4m6!19sChIJNat4NpGBWDkRkxe_H2ps7YE?authuser=0&hl=en&rclk=1
The Grand Surya - Surya Garden Restaurant,4.0,686,NA,"opp airport, Chital Rd, Amreli, Gujarat 365601",Amreli,Gujarat,NA,ÓÇ∞02792 223 870,https://www.google.com/maps/place/The+Grand+Surya+-+Surya+Garden+Restaurant/data=!4m10!3m9!1s0x39588734c541d435:0x78eb3aa9ca8ed138!5m2!4m1!1i2!8m2!3d21.6209272!4d71.2198672!16s%2Fg%2F1hjh4gmtm!19sChIJNdRBxTSHWDkRONGOyqk663g?authuser=0&hl=en&rclk=1
"FOOD ADDA || Best Restaurant, Fast Food Restaurant, Dinner Restaurant, Cafe and Fastfood Restaurant",4.7,66,Restaurant,"Shop No.G-10-11, Mega Mall Complex, Jilla Panchayat Rd, near Rangoli Ice Cream, Amreli Irrigation Division, D.L.B. Society, Amreli, Gujarat 365601",Amreli,Gujarat,https://www.foodaddaindia.com/,ÓÇ∞093130 94565,"https://www.google.com/maps/place/FOOD+ADDA+%7C%7C+Best+Restaurant,+Fast+Food+Restaurant,+Dinner+Restaurant,+Cafe+and+Fastfood+Restaurant/data=!4m7!3m6!1s0x3958814ac2e8e91f:0x3f717dc4f879e8e7!8m2!3d21.6028856!4d71.2174404!16s%2Fg%2F11vhd0w31w!19sChIJH-nowkqBWDkR5-h5-MR9cT8?authuser=0&hl=en&rclk=1"
Shreeji Garden Restaurant & Party Plot,4.4,74,Fast food restaurant,"H5PV+2QW, Amreli, Gujarat 365601",Amreli,NA,NA,ÓÇ∞097259 08666,https://www.google.com/maps/place/Shreeji+Garden+Restaurant+%26+Party+Plot/data=!4m7!3m6!1s0x3958809d0f068f7f:0x7f9e8793e7e602a5!8m2!3d21.585118!4d71.1944553!16s%2Fg%2F11c75jl06z!19sChIJf48GD52AWDkRpQLm55OHnn8?authuser=0&hl=en&rclk=1
Rasthal Restaurant. ‡™∞‡™∏‡™•‡™æ‡™≥ ‡™π‡´ã‡™ü‡™≤,4.2,393,Restaurant,"Lathi Rd, Yogi Nagar, Amreli, Gujarat 365601",Amreli,Gujarat,NA,ÓÇ∞087807 72856,https://www.google.com/maps/place/Rasthal+Restaurant.+%E0%AA%B0%E0%AA%B8%E0%AA%A5%E0%AA%BE%E0%AA%B3+%E0%AA%B9%E0%AB%8B%E0%AA%9F%E0%AA%B2/data=!4m7!3m6!1s0x395881bb0ee00b69:0x46e0151bea72c030!8m2!3d21.6138273!4d71.2389957!16s%2Fg%2F11gj0smvb9!19sChIJaQvgDruBWDkRMMBy6hsV4EY?authuser=0&hl=en&rclk=1
JAY KHODIYAR DINING HALL,4.1,183,Gujarati restaurant,"upper shop no-7, 8, Market Yard Rd, Amreli Irrigation Division, D.L.B. Society, Amreli, Gujarat 365601",Amreli,Gujarat,NA,ÓÇ∞094289 68868,https://www.google.com/maps/place/JAY+KHODIYAR+DINING+HALL/data=!4m7!3m6!1s0x395880c0c7ac93e9:0x11c14f8c2b6fcfba!8m2!3d21.601811!4d71.217806!16s%2Fg%2F11ckvl6ynj!19sChIJ6ZOsx8CAWDkRus9vK4xPwRE?authuser=0&hl=en&rclk=1
China Town parsal point & Restaurant,4.0,286,Restaurant,"Street 2, near bhidbhanan mahadev temple, Amreli, Gujarat 365601",Amreli,Gujarat,NA,ÓÇ∞090548 24365,https://www.google.com/maps/place/China+Town+parsal+point+%26+Restaurant/data=!4m7!3m6!1s0x395881b1f873af6b:0xa32ea14d86c8cc67!8m2!3d21.6000348!4d71.2174651!16s%2Fg%2F11f64ct8dm!19sChIJa69z-LGBWDkRZ8zIhk2hLqM?authuser=0&hl=en&rclk=1
RADHE TERRACE FAMILY RESTAURANT,4.3,273,Fast food restaurant,"FIRST FLOOR, SANGAM COMPLEX, Lathi Rd, near TULSI PARTY PLOT, Bhojal Para, Amreli, Gujarat 365601",Amreli,Gujarat,NA,ÓÇ∞081417 44506,https://www.google.com/maps/place/RADHE+TERRACE+FAMILY+RESTAURANT/data=!4m7!3m6!1s0x39588120ec396f0f:0xe02ea307c55f10b4!8m2!3d21.6035212!4d71.2416413!16s%2Fg%2F11c5svq6fm!19sChIJD2857CCBWDkRtBBfxQejLuA?authuser=0&hl=en&rclk=1
Narayan Bhojan Gruh,4.2,188,Lunch restaurant,"J629+MRV, Market Yard Rd, D.L.B.Society,Amreli, D.L.B. Society, Amreli, Gujarat 365601",Amreli,NA,NA,NA,https://www.google.com/maps/place/Narayan+Bhojan+Gruh/data=!4m7!3m6!1s0x395880c1215aa7a3:0x57f18adafa64bb47!8m2!3d21.6017396!4d71.2195359!16s%2Fg%2F11dymq7h1l!19sChIJo6daIcGAWDkRR7tk-tqK8Vc?authuser=0&hl=en&rclk=1
Umiyaji Gathiya House - Best Gathiya & Bhajiya House in Amreli,4.8,24,Fast food restaurant,"Lathi Rd, opposite Gurudat Petroleum, near Khetla Apa Tea, Bhav Nagar, Amreli, Gujarat 365601",Amreli,Gujarat,NA,NA,https://www.google.com/maps/place/Umiyaji+Gathiya+House+-+Best+Gathiya+%26+Bhajiya+House+in+Amreli/data=!4m7!3m6!1s0x395881521f76a7cd:0xe52f26ea9c1aa237!8m2!3d21.6154842!4d71.2427964!16s%2Fg%2F11rwpkv57j!19sChIJzad2H1KBWDkRN6IanOomL-U?authuser=0&hl=en&rclk=1
Jai Bhavani Bhaji Pav And Ice Crem,4.3,69,Restaurant,"shop n 91, sardar shopping center market yard, 92, Jilla Panchayat Rd, Amreli Irrigation Division, road, Amreli, Gujarat 365601",Amreli,Gujarat,NA,NA,https://www.google.com/maps/place/Jai+Bhavani+Bhaji+Pav+And+Ice+Crem/data=!4m7!3m6!1s0x395881220742893d:0x43bc0b5f55e530fd!8m2!3d21.6029211!4d71.2185398!16s%2Fg%2F11j118sdp9!19sChIJPYlCByKBWDkR_TDlVV8LvEM?authuser=0&hl=en&rclk=1
Eat It More,4.1,125,Fast food restaurant,"Parekh Chembers, Under Kotak Mahindra Bank, Rajkamal Chowk, Nagnath Rd, Gajerapara, Amreli, Gujarat 365601",Amreli,Gujarat,NA,ÓÇ∞088667 63839,https://www.google.com/maps/place/Eat+It+More/data=!4m7!3m6!1s0x395881eed2f62dbb:0xc7bd238a4231add7!8m2!3d21.600989!4d71.2161164!16s%2Fg%2F11fblfxxz1!19sChIJuy320u6BWDkR160xQoojvcc?authuser=0&hl=en&rclk=1
JAY KHODIYAR DINING HALL,4.1,183,Gujarati restaurant,"upper shop no-7, 8, Market Yard Rd, Amreli Irrigation Division, D.L.B. Society, Amreli, Gujarat 365601",Amreli,Gujarat,NA,ÓÇ∞094289 68868,https://www.google.com/maps/place/JAY+KHODIYAR+DINING+HALL/data=!4m7!3m6!1s0x395880c0c7ac93e9:0x11c14f8c2b6fcfba!8m2!3d21.601811!4d71.217806!16s%2Fg%2F11ckvl6ynj!19sChIJ6ZOsx8CAWDkRus9vK4xPwRE?authuser=0&hl=en&rclk=1
Eat It More,4.9,19,Fast food restaurant,"shiv shakti complex, Lathi Rd, opp. madhuli pav bhaji, K.K Park, Amreli, Gujarat 365601",Amreli,Gujarat,NA,ÓÇ∞094271 02713,https://www.google.com/maps/place/Eat+It+More/data=!4m7!3m6!1s0x395881173dcb07a1:0x7560cec24d80f551!8m2!3d21.6123514!4d71.2326559!16s%2Fg%2F11v9mqgg1d!19sChIJoQfLPReBWDkRUfWATcLOYHU?authuser=0&hl=en&rclk=1
Shyam Khaman House,5.0,1,Restaurant,"35I, Market Yard Rd, near Red Corner Cinema, Amreli Irrigation Division, Area, Amreli, Gujarat 365601",Amreli,Gujarat,NA,ÓÇ∞06355 121 510,https://www.google.com/maps/place/Shyam+Khaman+House/data=!4m7!3m6!1s0x395881af7549b261:0x684b07c7258ca3d6!8m2!3d21.6019747!4d71.2192954!16s%2Fg%2F11wpwbml0h!19sChIJYbJJda-BWDkR1qOMJccHS2g?authuser=0&hl=en&rclk=1
RADHIKA RESTAURANT,5.0,2,Fast food restaurant,"Gol Davakhanu, Under, Chital Rd, Sukhniwas Colony, Amreli, Gujarat 365601",Amreli,Gujarat,NA,ÓÇ∞090673 28036,https://www.google.com/maps/place/RADHIKA+RESTAURANT/data=!4m7!3m6!1s0x395881534b04bf4b:0x85aa5b1568374fa1!8m2!3d21.6150849!4d71.2195334!16s%2Fg%2F11k56jdj16!19sChIJS78ES1OBWDkRoU83aBVbqoU?authuser=0&hl=en&rclk=1
Murlidhar Restaurant,4.7,6,Restaurant,"Lathi road bypass Oppo gurudatt petrol pump, Gujarat 365630",Amreli,Gujarat,NA,NA,https://www.google.com/maps/place/Murlidhar+Restaurant/data=!4m7!3m6!1s0x395881af483dfd2d:0x6ad9321ca24aafca!8m2!3d21.6149526!4d71.2432642!16s%2Fg%2F11g0mfkbbw!19sChIJLf09SK-BWDkRyq9Kohwy2Wo?authuser=0&hl=en&rclk=1
Ganesh Family Restaurant,4.7,3,Family restaurant,"J62R+W6C, Keriya Rd, Bhojal Para, Amreli, Gujarat 365601",Amreli,NA,NA,NA,https://www.google.com/maps/place/Ganesh+Family+Restaurant/data=!4m7!3m6!1s0x39588116f81cf4df:0x8a40a60b0874616!8m2!3d21.6023095!4d71.2405212!16s%2Fg%2F11kpf14jvc!19sChIJ3_Qc-BaBWDkRFkaHsGAKpAg?authuser=0&hl=en&rclk=1
BHATIA'S Kitchen and Snacks,4.4,17,Vegetarian restaurant,"Kansara Bazar Rd, Gajerapara, Amreli, Gujarat 365601",Amreli,Gujarat,https://www.facebook.com/profile.php?id=100068929624157,ÓÇ∞076220 68968,https://www.google.com/maps/place/BHATIA%27S+Kitchen+and+Snacks/data=!4m7!3m6!1s0x395881c0f9141e61:0xde3a8afacc0a02ff!8m2!3d21.5993698!4d71.2116687!16s%2Fg%2F11q2ypx487!19sChIJYR4U-cCBWDkR_wIKzPqKOt4?authuser=0&hl=en&rclk=1
Shree Hari Dining Hall,4.8,6,Fine dining restaurant,"J638+C66, Gajerapara, Amreli, Gujarat 365601",Amreli,NA,NA,NA,https://www.google.com/maps/place/Shree+Hari+Dining+Hall/data=!4m7!3m6!1s0x395881b432d280dd:0x855b8ac05beb5a28!8m2!3d21.6035477!4d71.215501!16s%2Fg%2F11jr6j97mk!19sChIJ3YDSMrSBWDkRKFrrW8CKW4U?authuser=0&hl=en&rclk=1
Sip N' Snack,4.9,11,Restaurant,"circle, Sip N Snack Sanskar complex college, Amreli, Gujarat 365601",Amreli,Gujarat,NA,ÓÇ∞096014 34949,https://www.google.com/maps/place/Sip+N%27+Snack/data=!4m7!3m6!1s0x395881990749a04b:0x4fcc07dc80ee9c86!8m2!3d21.6092261!4d71.2252602!16s%2Fg%2F11s2z3sx9z!19sChIJS6BJB5mBWDkRhpzugNwHzE8?authuser=0&hl=en&rclk=1
VANDANA RESTAURANT,4.2,46,Fast food restaurant,"D.L.B. Society, Amreli, Gujarat 365601",Amreli,Gujarat,NA,NA,https://www.google.com/maps/place/VANDANA+RESTAURANT/data=!4m7!3m6!1s0x395880c40892015f:0xc2a55aac380edc85!8m2!3d21.6034949!4d71.2228987!16s%2Fg%2F11g8v3tfmh!19sChIJXwGSCMSAWDkRhdwOOKxapcI?authuser=0&hl=en&rclk=1
uspizza amreli,4.5,"4,596",Pizza restaurant,"Jilla Panchayat Rd, Amreli Irrigation Division, D.L.B. Society, Amreli, Gujarat 365601",Amreli,Gujarat,https://uspizza.in/,ÓÇ∞063563 03020,https://www.google.com/maps/place/uspizza+amreli/data=!4m7!3m6!1s0x395881913678ab35:0x81ed6c6a1fbf1793!8m2!3d21.6026202!4d71.2177342!16s%2Fg%2F11h6slb4m6!19sChIJNat4NpGBWDkRkxe_H2ps7YE?authuser=0&hl=en&rclk=1
Hotel Radhe Krishna Amreli,4.1,169,Restaurant,"Ramdev Nagar, Amreli, Gujarat 365601",Amreli,Gujarat,NA,ÓÇ∞094289 69419,https://www.google.com/maps/place/Hotel+Radhe+Krishna+Amreli/data=!4m7!3m6!1s0x3958808ce80649ab:0xbf1cec2233a1c69c!8m2!3d21.581551!4d71.2146214!16s%2Fg%2F11g9gny86n!19sChIJq0kG6IyAWDkRnMahMyLsHL8?authuser=0&hl=en&rclk=1
Hotel Ashok Rajputana Non-Veg Restaurant,4.4,12,Non Vegetarian Restaurant,"Tower Rd, Gajerapara, Amreli, Gujarat 365601",Amreli,Gujarat,NA,ÓÇ∞098796 46302,https://www.google.com/maps/place/Hotel+Ashok+Rajputana+Non-Veg+Restaurant/data=!4m7!3m6!1s0x395880bf1226d9d7:0xd3ab55b05bfe195e!8m2!3d21.6002147!4d71.2145896!16s%2Fg%2F11c6rrhzfs!19sChIJ19kmEr-AWDkRXhn-W7BVq9M?authuser=0&hl=en&rclk=1
Angel Lords Eco Inn Amreli,4.4,632,NA,"Old APMC, Market Yard Rd, Amreli Irrigation Division, D.L.B. Society, Amreli, Gujarat 365601",Amreli,Gujarat,https://www.lordshotels.com/hotels/angel-lords-eco-inn-amreli,ÓÇ∞063588 71201,https://www.google.com/maps/place/Angel+Lords+Eco+Inn+Amreli/data=!4m10!3m9!1s0x395881458b2b2a41:0x42dc9f96b4a003c8!5m2!4m1!1i2!8m2!3d21.6025174!4d71.2193951!16s%2Fg%2F11r61s2lmh!19sChIJQSori0WBWDkRyAOgtJaf3EI?authuser=0&hl=en&rclk=1
Patel Live Thabadi Penda and Bhajiya,4.9,12,Restaurant,"Opposite Mahindra Tractor Showroom Lathi Road, Amreli Bypass Rd, Chokdi, Amreli, Gujarat 365601",Amreli,Gujarat,NA,NA,https://www.google.com/maps/place/Patel+Live+Thabadi+Penda+and+Bhajiya/data=!4m7!3m6!1s0x39588171694c86df:0x4009c6f3eac26abb!8m2!3d21.6157637!4d71.2434513!16s%2Fg%2F11tfjm1s44!19sChIJ34ZMaXGBWDkRu2rC6vPGCUA?authuser=0&hl=en&rclk=1
Pizza Point,4.1,"1,647",Pizza restaurant,"D.L.B. Society, Amreli, Gujarat 365601",Amreli,Gujarat,NA,ÓÇ∞097230 30760,https://www.google.com/maps/place/Pizza+Point/data=!4m7!3m6!1s0x395880cf8017cb0b:0xd3fa7f592d0d4252!8m2!3d21.609345!4d71.2251106!16s%2Fg%2F11c6zw48nj!19sChIJC8sXgM-AWDkRUkINLVl_-tM?authuser=0&hl=en&rclk=1
Shree Khodiyar Bhakharvadi,4.5,27,Fast food restaurant,"Station Rd, opposite taluka polish station, D.L.B. Society, Amreli, Gujarat 365601",Amreli,Gujarat,NA,NA,https://www.google.com/maps/place/Shree+Khodiyar+Bhakharvadi/data=!4m7!3m6!1s0x395880c468f29f09:0x4208d8e0eba51a00!8m2!3d21.6046556!4d71.2242208!16s%2Fg%2F11df0pj43_!19sChIJCZ_yaMSAWDkRABql6-DYCEI?authuser=0&hl=en&rclk=1
Chai Spot Cafe,4.7,55,Cafe,"SHOP NO.5, PAVAN ARCADE, Lathi Rd, near CAR WORLD, opp. TULSI RESTAURANT, K.K Park, Amreli, Gujarat 365601",Amreli,Gujarat,NA,ÓÇ∞02792 223 836,https://www.google.com/maps/place/Chai+Spot+Cafe/data=!4m7!3m6!1s0x395881b7432d553b:0xa587cae1d689d6e7!8m2!3d21.6141705!4d71.2382041!16s%2Fg%2F11t_sy1rjd!19sChIJO1UtQ7eBWDkR59aJ1uHKh6U?authuser=0&hl=en&rclk=1
Gopal Kathiyavadi Hotel,4.1,800,Dhaba,"J7C5+MH3, Amreli-Lathi-Chavand Hwy, Gujarat 365601",Amreli,NA,NA,ÓÇ∞090998 83378,https://www.google.com/maps/place/Gopal+Kathiyavadi+Hotel/data=!4m7!3m6!1s0x395885775aa773bb:0x32942138d9f4de5!8m2!3d21.621646!4d71.258913!16s%2Fg%2F11h2qm_43r!19sChIJu3OnWneFWDkR5U2fjRNCKQM?authuser=0&hl=en&rclk=1
RadheShyam Hotel,3.8,889,Indian restaurant,"RADHESHYAM CHOKDI,Gavadka Road Bay Pass Amreli Bay Pass Road, Gujarat 365601",Amreli,Gujarat,NA,ÓÇ∞02792 223 452,https://www.google.com/maps/place/RadheShyam+Hotel/data=!4m7!3m6!1s0x395881729b1c732f:0x4fa556bfbe021b16!8m2!3d21.5845012!4d71.1938848!16s%2Fg%2F11kz5y3kfj!19sChIJL3Mcm3KBWDkRFhsCvr9WpU8?authuser=0&hl=en&rclk=1
Non-Veg Restaurant,4.0,12,Non Vegetarian Restaurant,"H6X7+8J5 victor rajula da, Chandni Chowk Rd, Batar Wadi, Amreli, Gujarat 365601",Amreli,NA,NA,NA,https://www.google.com/maps/place/Non-Veg+Restaurant/data=!4m7!3m6!1s0x395881bb23dd16fb:0xec9c438cc0ca36e!8m2!3d21.598259!4d71.2141203!16s%2Fg%2F11hz1tlqc6!19sChIJ-xbdI7uBWDkRbqMMzDjEyQ4?authuser=0&hl=en&rclk=1
Premvati Uphar Gruh Gandhibag Amreli,4.2,30,Breakfast restaurant,"F-7, Mani Nagar, Amreli, Gujarat 365601",Amreli,Gujarat,NA,NA,https://www.google.com/maps/place/Premvati+Uphar+Gruh+Gandhibag+Amreli/data=!4m7!3m6!1s0x39588149cd984433:0x2648cf373304174f!8m2!3d21.6064827!4d71.2154824!16s%2Fg%2F11t8936gp6!19sChIJM0SYzUmBWDkRTxcEMzfPSCY?authuser=0&hl=en&rclk=1
Shyam Caterers,4.3,78,Caterer,"Station Rd, D.L.B. Society, Amreli, Gujarat 365601",Amreli,Gujarat,NA,ÓÇ∞02792 233 445,https://www.google.com/maps/place/Shyam+Caterers/data=!4m7!3m6!1s0x395880c409027433:0x202c9293c5d198ac!8m2!3d21.6035845!4d71.2230443!16s%2Fg%2F11_t3hy8h!19sChIJM3QCCcSAWDkRrJjRxZOSLCA?authuser=0&hl=en&rclk=1
PATIDAR RESTAURANT,5.0,1,Fast food restaurant,"MAHADEV LATHI ROAD, opp. SONALIKA SHOWROOM, near ISHWARIYA, Amreli, Gujarat 365601",Amreli,Gujarat,NA,ÓÇ∞098256 82880,https://www.google.com/maps/place/PATIDAR+RESTAURANT/data=!4m7!3m6!1s0x3958814ac714fb1f:0x845123d537195f4a!8m2!3d21.620387!4d71.255045!16s%2Fg%2F11txcgzg5s!19sChIJH_sUx0qBWDkRSl8ZN9UjUYQ?authuser=0&hl=en&rclk=1
Binharif Kutchi Dabeli,4.4,150,Fast food restaurant,"Batar Wadi, Amreli, Gujarat 365601",Amreli,Gujarat,NA,NA,https://www.google.com/maps/place/Binharif+Kutchi+Dabeli/data=!4m7!3m6!1s0x395880c0031df7d1:0x199b9b0d0964a714!8m2!3d21.596583!4d71.2167129!16s%2Fg%2F11fy2q35vy!19sChIJ0fcdA8CAWDkRFKdkCQ2bmxk?authuser=0&hl=en&rclk=1
"Sheetal Restaurant - Ice Cream, South Indian & Fast Food",4.1,"2,003",Ice cream shop,"J63F+G7, near, Station Rd, opposite S.T. Depot, D.L.B. Society, Amreli, Gujarat 365601",Amreli,NA,NA,ÓÇ∞02792 220 867,"https://www.google.com/maps/place/Sheetal+Restaurant+-+Ice+Cream,+South+Indian+%26+Fast+Food/data=!4m7!3m6!1s0x395880c40c21103d:0xbe89f0f3c6f9a6bd!8m2!3d21.6038125!4d71.2231875!16s%2Fg%2F124s_dcnl!19sChIJPRAhDMSAWDkRvab5xvPwib4?authuser=0&hl=en&rclk=1"
THE RESTAURANT,5.0,1,Fast food restaurant,"Near Liliya Road, Circle, liliya Bypass Road, opp. Momai Dhaba, Lathi, Amreli, Gujarat 365601",Amreli,Gujarat,NA,ÓÇ∞073595 93235,https://www.google.com/maps/place/THE+RESTAURANT/data=!4m7!3m6!1s0x395881242121ea57:0x60283f79159d04cb!8m2!3d21.5962471!4d71.2310011!16s%2Fg%2F11vzdv38p8!19sChIJV-ohISSBWDkRywSdFXk_KGA?authuser=0&hl=en&rclk=1
Gujarat Hotel Amreli,4.0,1,NA,"J62C+J45, Batar Wadi, Amreli, Gujarat 365601",Amreli,NA,NA,NA,https://www.google.com/maps/place/Gujarat+Hotel+Amreli/data=!4m10!3m9!1s0x395881ada5f15457:0xc13eb2dfe6377fb9!5m2!4m1!1i2!8m2!3d21.6015242!4d71.2203555!16s%2Fg%2F11shrp2xyh!19sChIJV1Txpa2BWDkRuX835t-yPsE?authuser=0&hl=en&rclk=1
Binharif Kutchi Dabeli,4.3,83,Fast food restaurant,"Lathi Rd, K.K Park, Amreli, Gujarat 365601",Amreli,Gujarat,NA,ÓÇ∞098337 16561,https://www.google.com/maps/place/Binharif+Kutchi+Dabeli/data=!4m7!3m6!1s0x395880d0c4681ce1:0x5d47080ce02ede19!8m2!3d21.6137944!4d71.2374038!16s%2Fg%2F11fxxsdwxk!19sChIJ4RxoxNCAWDkRGd4u4AwIR10?authuser=0&hl=en&rclk=1
Hotel Chitrakut,3.9,576,Indian restaurant,"Saver Kundla Road, by Pass Cross, Amreli, Gujarat 365601",Amreli,Gujarat,NA,NA,https://www.google.com/maps/place/Hotel+Chitrakut/data=!4m7!3m6!1s0x395880d2c24f3b51:0xaa4d32f7fafd2220!8m2!3d21.5817477!4d71.2146422!16s%2Fg%2F11b6q_p7_s!19sChIJUTtPwtKAWDkRICL9-vcyTao?authuser=0&hl=en&rclk=1
Kishan Farm & Garden Restaurant,3.5,442,Restaurant,"GJ SH 33, Gujarat 365601",Amreli,Gujarat,NA,ÓÇ∞094287 11543,https://www.google.com/maps/place/Kishan+Farm+%26+Garden+Restaurant/data=!4m7!3m6!1s0x39587e2e9e8bd257:0x390ec9d7650363c4!8m2!3d21.5760906!4d71.1846551!16s%2Fg%2F1260rk74w!19sChIJV9KLni5-WDkRxGMDZdfJDjk?authuser=0&hl=en&rclk=1
GAYTRI RESTAURANT,4.0,2,Restaurant,"J63F+F65, Station Rd, D.L.B. Society, Amreli, Gujarat 365601",Amreli,NA,NA,NA,https://www.google.com/maps/place/GAYTRI+RESTAURANT/data=!4m7!3m6!1s0x395880c46d0d80e7:0xe8a598a2517884a8!8m2!3d21.6036414!4d71.223103!16s%2Fg%2F11gfjs1k55!19sChIJ54ANbcSAWDkRqIR4UaKYpeg?authuser=0&hl=en&rclk=1
Jai Hind Bhajiya,4.1,71,Fast food restaurant,"J648+JM3, Batar Wadi, Amreli, Gujarat 365601",Amreli,NA,NA,ÓÇ∞098253 88750,https://www.google.com/maps/place/Jai+Hind+Bhajiya/data=!4m7!3m6!1s0x395880be3bd98a11:0x176f8a8938795ad6!8m2!3d21.6065146!4d71.2166844!16s%2Fg%2F11c5gxs1nf!19sChIJEYrZO76AWDkR1lp5OImKbxc?authuser=0&hl=en&rclk=1
Sattvam Restaurant,5.0,2,Restaurant,"Street No 7, Main Road, Manekpara, Amreli, Gujarat 365601",Amreli,Gujarat,NA,NA,https://www.google.com/maps/place/Sattvam+Restaurant/data=!4m7!3m6!1s0x395881a6f692c61b:0xce379db8cd8c25e4!8m2!3d21.5976572!4d71.2197133!16s%2Fg%2F11lp1x1wf2!19sChIJG8aS9qaBWDkR5CWMzbidN84?authuser=0&hl=en&rclk=1
Lucky Restaurant,4.1,102,Non Vegetarian Restaurant,"Kansara bazaar, Nr Hevan Paan gali, Tower Rd, Gujarat 365601",Amreli,Gujarat,NA,ÓÇ∞093274 90014,https://www.google.com/maps/place/Lucky+Restaurant/data=!4m7!3m6!1s0x395880bef636264f:0x39afc98737befa54!8m2!3d21.5989852!4d71.2123433!16s%2Fg%2F11csq8wc0m!19sChIJTyY29r6AWDkRVPq-N4fJrzk?authuser=0&hl=en&rclk=1
La Pino'z Pizza Amreli,4.1,642,Pizza restaurant,"J629+MC4 Nr. Main gate, Old, Parikh road, inside Market Yard Road, Amreli Irrigation Division, K.V, D.L.B. Society, Amreli, Gujarat 365601",Amreli,NA,https://lapinozpizza.in/,ÓÇ∞082382 39957,https://www.google.com/maps/place/La+Pino%27z+Pizza+Amreli/data=!4m7!3m6!1s0x3958814cb1a96969:0xc56de1f89dbcb275!8m2!3d21.6018523!4d71.2180013!16s%2Fg%2F11rsdbpw2z!19sChIJaWmpsUyBWDkRdbK8nfjhbcU?authuser=0&hl=en&rclk=1
YOGI BHAJIYA,4.3,338,Fast food restaurant,"LATHI ROAD, near ISHWARIYA, Amreli, Ishvariya, Gujarat 365601",Amreli,Gujarat,NA,ÓÇ∞092654 25370,https://www.google.com/maps/place/YOGI+BHAJIYA/data=!4m7!3m6!1s0x39588195b8bf769b:0x19a7fbc4344c0b06!8m2!3d21.623564!4d71.2617404!16s%2Fg%2F11p14p_v4l!19sChIJm3a_uJWBWDkRBgtMNMT7pxk?authuser=0&hl=en&rclk=1
Pramukh Restaurant,3.4,5,Restaurant,"White House, opp. s. t. bus stop, D.L.B. Society, Amreli, Gujarat 365601",Amreli,Gujarat,NA,NA,https://www.google.com/maps/place/Pramukh+Restaurant/data=!4m7!3m6!1s0x395881da83b9e48f:0x50c15e4f047c22d8!8m2!3d21.6040467!4d71.2236278!16s%2Fg%2F11kr_gdvmz!19sChIJj-S5g9qBWDkR2CJ8BE9ewVA?authuser=0&hl=en&rclk=1
Krishna Caterers & Banquet Hall,4.1,108,Banquet hall,"03, Keriya Rd, Bhojal Para, Amreli, Gujarat 365601",Amreli,Gujarat,NA,ÓÇ∞098252 27908,https://www.google.com/maps/place/Krishna+Caterers+%26+Banquet+Hall/data=!4m7!3m6!1s0x395880c0def65fb7:0x88e5fa9d0d8c5bf1!8m2!3d21.600627!4d71.2304267!16s%2Fg%2F11bbt46w97!19sChIJt1_23sCAWDkR8VuMDZ365Yg?authuser=0&hl=en&rclk=1
Whatsapp Panipuri,4.2,15,Breakfast restaurant,"J628+W56, Gajerapara, Amreli, Gujarat 365601",Amreli,NA,NA,NA,https://www.google.com/maps/place/Whatsapp+Panipuri/data=!4m7!3m6!1s0x395881f9a1bd74e7:0xaaafa986e7f76090!8m2!3d21.6022862!4d71.2153797!16s%2Fg%2F11n034ddht!19sChIJ53S9ofmBWDkRkGD354apr6o?authuser=0&hl=en&rclk=1
HOTEL NIZAMI,4.3,17,Restaurant,"BAHAR PARA POLICE CHAUKI NAHIN BAJU ME Madina masjid mein Same, Gujarat 365601",Amreli,Gujarat,NA,NA,https://www.google.com/maps/place/HOTEL+NIZAMI/data=!4m7!3m6!1s0x3958811e9a1fcc53:0x73c46773f707b6ad!8m2!3d21.5977976!4d71.2121828!16s%2Fg%2F11s5ywbsnl!19sChIJU8wfmh6BWDkRrbYH93NnxHM?authuser=0&hl=en&rclk=1
Savaj Ni Bethak,4.5,16,Fast food restaurant,"Old, Market Yard Rd, behind Panchnath Mahadev Temple, Amreli Irrigation Division, D.L.B. Society, Amreli, Gujarat 365601",Amreli,Gujarat,NA,NA,https://www.google.com/maps/place/Savaj+Ni+Bethak/data=!4m7!3m6!1s0x3958814491acb905:0xa2b3decbaecd9ca5!8m2!3d21.602174!4d71.2176044!16s%2Fg%2F11mm9_zp5_!19sChIJBbmskUSBWDkRpZzNrsves6I?authuser=0&hl=en&rclk=1
HELLY AND CHILLY CAFE AMRELI,3.5,11,Fast food restaurant,"Shop No.19, New Bus Stand Complex, Station Rd, opp. Sheetal Parlour, D.L.B. Society, Amreli, Gujarat 365601",Amreli,Gujarat,NA,ÓÇ∞098258 33046,https://www.google.com/maps/place/HELLY+AND+CHILLY+CAFE+AMRELI/data=!4m7!3m6!1s0x3958815a7d757fa5:0xc1465bd268ec3c3c!8m2!3d21.6040177!4d71.2230503!16s%2Fg%2F11vz7vvgdx!19sChIJpX91fVqBWDkRPDzsaNJbRsE?authuser=0&hl=en&rclk=1
Shree Govinda restaurant,4.0,232,South Indian restaurant,"Market Yard Rd, Amreli Irrigation Division, D.L.B. Society, Amreli, Gujarat 365601",Amreli,Gujarat,NA,NA,https://www.google.com/maps/place/Shree+Govinda+restaurant/data=!4m7!3m6!1s0x395881556d03ae5b:0x123f3596a8978417!8m2!3d21.6026066!4d71.2174956!16s%2Fg%2F11h7_vknzk!19sChIJW64DbVWBWDkRF4SXqJY1PxI?authuser=0&hl=en&rclk=1
Hotel Tahura (Non.veg),4.0,28,Chinese restaurant,"Near Dolatrai School, Amreli, Gujarat 365601",Amreli,Gujarat,NA,NA,https://www.google.com/maps/place/Hotel+Tahura+%28Non.veg%29/data=!4m7!3m6!1s0x395881ff8968ed4f:0xf8c4aa942d103113!8m2!3d21.599187!4d71.2149559!16s%2Fg%2F11gk94nntv!19sChIJT-1oif-BWDkREzEQLZSqxPg?authuser=0&hl=en&rclk=1
Eatry Zone,3.9,35,Fast food restaurant,"Shop no. 10, Nagnath Complex, GJ SH 110, Gajerapara, Amreli, Gujarat 365601",Amreli,Gujarat,NA,NA,https://www.google.com/maps/place/Eatry+Zone/data=!4m7!3m6!1s0x3958811e7f536673:0x6eb500e7af99b3e0!8m2!3d21.6029691!4d71.2158975!16s%2Fg%2F11t2f4njd8!19sChIJc2ZTfx6BWDkR4LOZr-cAtW4?authuser=0&hl=en&rclk=1
GOKULAM CHINESE AND PUNJABI RESTAURANT,4.0,43,Punjabi restaurant,"J62C+Q69, Amreli Irrigation Division, D.L.B. Society, Amreli, Gujarat 365601",Amreli,NA,NA,NA,https://www.google.com/maps/place/GOKULAM+CHINESE+AND+PUNJABI+RESTAURANT/data=!4m7!3m6!1s0x395880c140abe1a1:0x2576d80c05342ec7!8m2!3d21.6019105!4d71.2206165!16s%2Fg%2F11f_0vn0xt!19sChIJoeGrQMGAWDkRxy40BQzYdiU?authuser=0&hl=en&rclk=1
"Scoopy Point - Best Ice Cream, Lassi, Waffles, Thickshake, Falooda, Cassata and many more",4.7,35,Ice cream shop,"G-5, Old APMC, Market Yard Rd, opp. Hotel Angel Lords, Amreli Irrigation Division, D.L.B. Society, Amreli, Gujarat 365601",Amreli,Gujarat,http://www.scoopypoint.in/,ÓÇ∞094272 55565,"https://www.google.com/maps/place/Scoopy+Point+-+Best+Ice+Cream,+Lassi,+Waffles,+Thickshake,+Falooda,+Cassata+and+many+more/data=!4m7!3m6!1s0x3958819bf63a3a01:0x977762b424d81f05!8m2!3d21.602269!4d71.219006!16s%2Fg%2F11vkfbn817!19sChIJATo69puBWDkRBR_YJLRid5c?authuser=0&hl=en&rclk=1"
Lazeez Grill family Restaurant Non Veg & Caterers,4.3,175,Restaurant,"Savjipara road oop old.hospital ayurvedic Savjipara road oop old hospital ayurvedic Savjipara road oop old hospital ayurvedic Lazeezgrill restaurant, Gujarat 365601",Amreli,Gujarat,NA,ÓÇ∞098798 31138,https://www.google.com/maps/place/Lazeez+Grill+family+Restaurant+Non+Veg+%26+Caterers/data=!4m7!3m6!1s0x39588105c50314e5:0x45e965a0c60b6d50!8m2!3d21.5985521!4d71.2162233!16s%2Fg%2F11nyfnf_z4!19sChIJ5RQDxQWBWDkRUG0LxqBl6UU?authuser=0&hl=en&rclk=1
SHREE SOMNATH ENTERPRISE,4.6,5,Fast food restaurant,"Lathi Rd, opp. LALAVAV HANUMANJI MANDIR, Bhav Nagar, Amreli, Gujarat 365601",Amreli,Gujarat,NA,ÓÇ∞098256 92326,https://www.google.com/maps/place/SHREE+SOMNATH+ENTERPRISE/data=!4m7!3m6!1s0x3958812a71d6743f:0x77ebe86d508f4637!8m2!3d21.6175263!4d71.250494!16s%2Fg%2F11k9j4lgkj!19sChIJP3TWcSqBWDkRN0aPUG3o63c?authuser=0&hl=en&rclk=1
Hotel Pramukh Darshan,5.0,5,Restaurant,"Lathi Rd, Bhav Nagar, Amreli, Gujarat 365601",Amreli,Gujarat,NA,NA,https://www.google.com/maps/place/Hotel+Pramukh+Darshan/data=!4m7!3m6!1s0x395881936227cdff:0x80573db344fd2749!8m2!3d21.6167395!4d71.2468627!16s%2Fg%2F11qql5my9c!19sChIJ_80nYpOBWDkRSSf9RLM9V4A?authuser=0&hl=en&rclk=1
Sanubhai khamanvala,5.0,5,Breakfast restaurant,"Keriya Rd, opp. Laxmi Narayan mandir, near red corner cinema, D.L.B. Society, Amreli, Gujarat 365601",Amreli,Gujarat,NA,ÓÇ∞076230 40500,https://www.google.com/maps/place/Sanubhai+khamanvala/data=!4m7!3m6!1s0x3958812095801ad5:0x77a1041c2479f799!8m2!3d21.6016347!4d71.2206882!16s%2Fg%2F11y5_mc68b!19sChIJ1RqAlSCBWDkRmfd5JBwEoXc?authuser=0&hl=en&rclk=1
Dharmik Caterers & Restaurant,4.0,2,Restaurant,"J62Q+HRH, Keriya Road, Amreli Bypass Rd, 365601",Amreli,NA,NA,NA,https://www.google.com/maps/place/Dharmik+Caterers+%26+Restaurant/data=!4m7!3m6!1s0x39588158e1057b6f:0x70a8f3e9234870d3!8m2!3d21.6014335!4d71.2396198!16s%2Fg%2F11t9rm_91l!19sChIJb3sF4ViBWDkR03BII-nzqHA?authuser=0&hl=en&rclk=1
Umiya Bhajiya House - Gathiya & Bhajiya Shop in Amreli,5.0,2,Fast food restaurant,"Rajkamal Chok, opposite Patel Medical, near Ghanshyam Live Cake Shop Medical, Amreli, Gujarat 365601",Amreli,Gujarat,NA,NA,https://www.google.com/maps/place/Umiya+Bhajiya+House+-+Gathiya+%26+Bhajiya+Shop+in+Amreli/data=!4m7!3m6!1s0x395881b1b8a57aa9:0xc4cd8f1b2abbded8!8m2!3d21.6000651!4d71.2162033!16s%2Fg%2F11s48ymk5f!19sChIJqXqluLGBWDkR2N67KhuPzcQ?authuser=0&hl=en&rclk=1
GIRIRAJ PUNJABI FOOD PARCEL,5.0,5,Fast food restaurant,"SHOP NO. 12, Chakkargadh Rd, near GIRIRAJ GULABJAMBU, opp. CAR CARE, Batar Wadi, Amreli, Gujarat 365601",Amreli,Gujarat,NA,ÓÇ∞099048 38814,https://www.google.com/maps/place/GIRIRAJ+PUNJABI+FOOD+PARCEL/data=!4m7!3m6!1s0x395881fb89ddf409:0xdc4edefbe952b744!8m2!3d21.5969214!4d71.2168363!16s%2Fg%2F11v60rw_ww!19sChIJCfTdifuBWDkRRLdS6fveTtw?authuser=0&hl=en&rclk=1
"Tawa Tadka Amreli - Best Cafe, Coffee Shop, Ice Cream Parlour, Fast Food In Amreli",4.2,210,Coffee shop,"Shop 3, Jay Complex, Near Gandhi Baug Chital, Road, Amreli, Gujarat 365601",Amreli,Gujarat,NA,ÓÇ∞099248 89977,"https://www.google.com/maps/place/Tawa+Tadka+Amreli+-+Best+Cafe,+Coffee+Shop,+Ice+Cream+Parlour,+Fast+Food+In+Amreli/data=!4m7!3m6!1s0x3958818f57edddcf:0x4b9d40497f2d393b!8m2!3d21.6065623!4d71.2167742!16s%2Fg%2F11h18d2hck!19sChIJz93tV4-BWDkROzktf0lAnUs?authuser=0&hl=en&rclk=1"
"Rangoli Ice Cream Panchayat Road Amreli || Best Ice Cream Parlour, Ice Cream Shop, Ice Cream Cafe",4.4,509,Ice cream shop,"Shop No-13,14, J638+5X4 Mega Mall, Jilla Panchayat Rd, Amreli Irrigation Division, D.L.B. Society, Amreli, Gujarat 365601",Amreli,NA,https://www.swiggy.com/restaurants/rangoli-ice-cream-mega-mall-amrelitown-amreli-581585,ÓÇ∞095125 91112,"https://www.google.com/maps/place/Rangoli+Ice+Cream+Panchayat+Road+Amreli+%7C%7C+Best+Ice+Cream+Parlour,+Ice+Cream+Shop,+Ice+Cream+Cafe/data=!4m7!3m6!1s0x395881a7d0a1157b:0x9fd3acef045b2c6b!8m2!3d21.6027687!4d71.217475!16s%2Fg%2F11ff0qgkxh!19sChIJexWh0KeBWDkRayxbBO-s058?authuser=0&hl=en&rclk=1"
Food Fountain Family Restaurant,4.5,30,Fast food restaurant,"Lathi Rd, near Somnath Complex, Bhav Nagar, Amreli, Gujarat 365601",Amreli,Gujarat,NA,NA,https://www.google.com/maps/place/Food+Fountain+Family+Restaurant/data=!4m7!3m6!1s0x395881a9f78bdf7b:0xb70ffafd051e30b1!8m2!3d21.6147484!4d71.2401547!16s%2Fg%2F11s8k_0dch!19sChIJe9-L96mBWDkRsTAeBf36D7c?authuser=0&hl=en&rclk=1
Yogi Ice Cream,4.5,2,Restaurant,"21, Opera House, near avadh hotel, Amreli Irrigation Division, D.L.B. Society, Amreli, Gujarat 365601",Amreli,Gujarat,NA,ÓÇ∞081601 39049,https://www.google.com/maps/place/Yogi+Ice+Cream/data=!4m7!3m6!1s0x395881747f945177:0x784a227e3b31bf4!8m2!3d21.601427!4d71.2199258!16s%2Fg%2F11srz22rr8!19sChIJd1GUf3SBWDkR9Buz4yeihAc?authuser=0&hl=en&rclk=1
"Malhar Dhosa,Amreli",3.9,243,South Indian restaurant,"Amreli Bypass Rd, Yogi Nagar, Amreli, Gujarat 365601",Amreli,Gujarat,NA,ÓÇ∞090549 68282,"https://www.google.com/maps/place/Malhar+Dhosa,Amreli/data=!4m7!3m6!1s0x395881d04c52aa9f:0xb1a6ca6a41b4e4f7!8m2!3d21.6135992!4d71.24314!16s%2Fg%2F11rzfwr45n!19sChIJn6pSTNCBWDkR9-S0QWrKprE?authuser=0&hl=en&rclk=1"
Dharmesh Chavana Centre Amreli,4.8,12,Breakfast restaurant,"7, Sahkar Bhavan, Bhidbhanjan Chowk, Batar Wadi, Amreli, Gujarat 365601",Amreli,Gujarat,NA,ÓÇ∞094287 95944,https://www.google.com/maps/place/Dharmesh+Chavana+Centre+Amreli/data=!4m7!3m6!1s0x395880c094730437:0x6113cc2d857f4792!8m2!3d21.6006734!4d71.2175307!16s%2Fg%2F11d_bc4w9l!19sChIJNwRzlMCAWDkRkkd_hS3ME2E?authuser=0&hl=en&rclk=1
Balaji Fast Food,5.0,3,Fast food restaurant,"Gajerapara, Amreli, Gujarat 365601",Amreli,Gujarat,NA,NA,https://www.google.com/maps/place/Balaji+Fast+Food/data=!4m7!3m6!1s0x39588167824925c5:0x508c2375a1bae538!8m2!3d21.603019!4d71.2132971!16s%2Fg%2F11px3thnhw!19sChIJxSVJgmeBWDkROOW6oXUjjFA?authuser=0&hl=en&rclk=1
MILAN PANIPURI,5.0,4,Fast food restaurant,"Opera House, Market Yard Rd, near Red Corner Cinema, opp. Reliance Security, Amreli Irrigation Division, D.L.B. Society, Amreli, Gujarat 365601",Amreli,Gujarat,NA,ÓÇ∞097734 47349,https://www.google.com/maps/place/MILAN+PANIPURI/data=!4m7!3m6!1s0x3958819340e0d8dd:0x1634aa9582719f60!8m2!3d21.6015675!4d71.2198588!16s%2Fg%2F11ldsvbbmt!19sChIJ3djgQJOBWDkRYJ9xgpWqNBY?authuser=0&hl=en&rclk=1
9 to 69 caf√© Amreli,4.0,4,Fast food restaurant,"Shop No.G-20, New Bus Stand Complex, Station Rd, opp. Sheetal Icecream, D.L.B. Society, Amreli, Gujarat 365601",Amreli,Gujarat,NA,ÓÇ∞087803 11925,https://www.google.com/maps/place/9+to+69+caf%C3%A9+Amreli/data=!4m7!3m6!1s0x395881d564425d4b:0xaf36218e575eb06d!8m2!3d21.6039729!4d71.2230607!16s%2Fg%2F11y492wbtp!19sChIJS11CZNWBWDkRbbBeV44hNq8?authuser=0&hl=en&rclk=1
Scra l Cafe,3.8,4,Restaurant,"J65G+P3V, D.L.B. Society, Amreli, Gujarat 365601",Amreli,NA,NA,NA,https://www.google.com/maps/place/Scra+l+Cafe/data=!4m7!3m6!1s0x39588148b0be2929:0xa8e6960732545783!8m2!3d21.6093615!4d71.2251689!16s%2Fg%2F11j22wlmfw!19sChIJKSm-sEiBWDkRg1dUMgeW5qg?authuser=0&hl=en&rclk=1
MR. EGG,3.7,29,Fast food restaurant,"Savar Kundla Rd, near RTO office, Panihari Society, Amreli, Gujarat 365601",Amreli,Gujarat,NA,NA,https://www.google.com/maps/place/MR.+EGG/data=!4m7!3m6!1s0x395881cc9deb4109:0x613965d2f4122254!8m2!3d21.5830675!4d71.2196935!16s%2Fg%2F11qpsj_01v!19sChIJCUHrncyBWDkRVCIS9NJlOWE?authuser=0&hl=en&rclk=1
THAKKAR KHAMAN AND FASTFOOD,5.0,1,Fast food restaurant,"Shop No.1, Road, near Government Library, opp. Nalanda School Library, Gajerapara, Amreli, Gujarat 365601",Amreli,Gujarat,NA,ÓÇ∞097120 36366,https://www.google.com/maps/place/THAKKAR+KHAMAN+AND+FASTFOOD/data=!4m7!3m6!1s0x395881e434939041:0x9b31f5edb9b58cc3!8m2!3d21.6023871!4d71.2151029!16s%2Fg%2F11l2bvfrgx!19sChIJQZCTNOSBWDkRw4y1ue31MZs?authuser=0&hl=en&rclk=1
Madhuli PavBhaji & Pulao,4.2,399,Fast food restaurant,"Royal park, Lathi Rd, Pragati Nagar, Amreli, Gujarat 365601",Amreli,Gujarat,NA,ÓÇ∞098244 34519,https://www.google.com/maps/place/Madhuli+PavBhaji+%26+Pulao/data=!4m7!3m6!1s0x395880d0c46e34c1:0x52a27bc4d5122a5f!8m2!3d21.6120802!4d71.232901!16s%2Fg%2F11c1tjgv6t!19sChIJwTRuxNCAWDkRXyoS1cR7olI?authuser=0&hl=en&rclk=1
RED CHILLI NONVEG DHABA,5.0,1,Fast food restaurant,"NEAR SAVARKUNDLA BYPASS CHOWKDI, SAVARKUNDLA ROAD, opp. GUJCOMASOL, Amreli, Gujarat 365601",Amreli,Gujarat,NA,NA,https://www.google.com/maps/place/RED+CHILLI+NONVEG+DHABA/data=!4m7!3m6!1s0x395881b61bddc841:0xb1bc48563213712a!8m2!3d21.5745929!4d71.2188537!16s%2Fg%2F11ssyd265h!19sChIJQcjdG7aBWDkRKnETMlZIvLE?authuser=0&hl=en&rclk=1
Dhakka Mukki Eatery,4.0,4,Fast food restaurant,"J627+4J5, Hari Rd, Gajerapara, Amreli, Gujarat 365601",Amreli,NA,NA,NA,https://www.google.com/maps/place/Dhakka+Mukki+Eatery/data=!4m7!3m6!1s0x395881d55d60a9a5:0xef7cdd1406ed2690!8m2!3d21.6002636!4d71.2140974!16s%2Fg%2F11s7_3jxxx!19sChIJpalgXdWBWDkRkCbtBhTdfO8?authuser=0&hl=en&rclk=1
Mevad Food Zone,4.1,16,Fast food restaurant,"7-8, Municipal Shopping Centre, Near Nana Bus Stand, Nagnath Rd, Amreli Irrigation Division, D.L.B. Society, Amreli, Gujarat 365601",Amreli,Gujarat,NA,NA,https://www.google.com/maps/place/Mevad+Food+Zone/data=!4m7!3m6!1s0x3958810523bfe5e7:0xe22254d3db928b51!8m2!3d21.6008017!4d71.2163474!16s%2Fg%2F11f9xy2s6b!19sChIJ5-W_IwWBWDkRUYuS29NUIuI?authuser=0&hl=en&rclk=1
Hotel Shyam Restuarant Garden & Party Plot,3.7,161,Restaurant,"Lathi Rd, opposite BOB bank, K.K Park, Amreli, Gujarat 365601",Amreli,Gujarat,NA,NA,https://www.google.com/maps/place/Hotel+Shyam+Restuarant+Garden+%26+Party+Plot/data=!4m7!3m6!1s0x395881e7294d1e17:0xdb8a065f7ae4605a!8m2!3d21.6123581!4d71.2324558!16s%2Fg%2F11c1lg6t_m!19sChIJFx5NKeeBWDkRWmDkel8Gits?authuser=0&hl=en&rclk=1
Jay Bhavani Vadapav & Fast Food,4.7,6,Restaurant,"Nr. Hotel Shree Paras, opposite S.T. Bus Station, D.L.B. Society, Amreli, Gujarat 365601",Amreli,Gujarat,NA,ÓÇ∞094272 18766,https://www.google.com/maps/place/Jay+Bhavani+Vadapav+%26+Fast+Food/data=!4m7!3m6!1s0x395881d9adf2b7a9:0x233bb9bdbcad654d!8m2!3d21.6044875!4d71.2240432!16s%2Fg%2F11l6lfw1x_!19sChIJqbfyrdmBWDkRTWWtvL25OyM?authuser=0&hl=en&rclk=1
Bajrang Sandwich,3.7,11,Sandwich shop,"Amrut Complex, Station Rd, Amreli Irrigation Division, D.L.B. Society, Amreli, Gujarat 365601",Amreli,Gujarat,NA,NA,https://www.google.com/maps/place/Bajrang+Sandwich/data=!4m7!3m6!1s0x395881fde71ebefd:0x7a2768dfdbab229a!8m2!3d21.6019142!4d71.2206179!16s%2Fg%2F11qyw5hyrv!19sChIJ_b4e5_2BWDkRmiKr299oJ3o?authuser=0&hl=en&rclk=1
Patel puri shak,5.0,3,Fast food restaurant,"shop no-21, Opera House, near Hotel Avadh, Amreli Irrigation Division, D.L.B. Society, Amreli, Gujarat 365601",Amreli,Gujarat,NA,ÓÇ∞081601 39049,https://www.google.com/maps/place/Patel+puri+shak/data=!4m7!3m6!1s0x39588101a48762d5:0x4f605f4b439267e7!8m2!3d21.6015874!4d71.2197307!16s%2Fg%2F11k4fpjjvk!19sChIJ1WKHpAGBWDkR52eSQ0tfYE8?authuser=0&hl=en&rclk=1
Harbhole Canteen,5.0,1,Restaurant,"Rajmahel campas, near, City Police Station Rd, Amreli Irrigation Division, D.L.B. Society, Amreli, Gujarat 365601",Amreli,Gujarat,NA,NA,https://www.google.com/maps/place/Harbhole+Canteen/data=!4m7!3m6!1s0x395881707dfc5259:0x56a5447584047ce2!8m2!3d21.6040145!4d71.2180785!16s%2Fg%2F11l2plth_6!19sChIJWVL8fXCBWDkR4nwEhHVEpVY?authuser=0&hl=en&rclk=1
Hotel Aarya,4.0,6,Fast food restaurant,"MAHADEV LATHI, ROAD, near ISHWARIYA, Amreli, Gujarat 365601",Amreli,Gujarat,NA,ÓÇ∞099240 97700,https://www.google.com/maps/place/Hotel+Aarya/data=!4m7!3m6!1s0x3958871e7e263c33:0x6703d3adbdb5c10c!8m2!3d21.6309376!4d71.2765341!16s%2Fg%2F11kbw72xhp!19sChIJMzwmfh6HWDkRDMG1va3TA2c?authuser=0&hl=en&rclk=1
Shree Vallabh Restaurant,4.0,123,Fast food restaurant,"kishmat complex, Lathi Rd, Amreli, Gujarat 365601",Amreli,Gujarat,NA,NA,https://www.google.com/maps/place/Shree+Vallabh+Restaurant/data=!4m7!3m6!1s0x395880d01fa61b3b:0xf35bb336069f9124!8m2!3d21.6110205!4d71.2281608!16s%2Fg%2F11g86mlbp8!19sChIJOxumH9CAWDkRJJGfBjazW_M?authuser=0&hl=en&rclk=1
GJ 14 FAST FOOD,3.6,22,Fast food restaurant,"B5, Ayodhya, Amreli Bypass Rd, Bhojal Para, Amreli, Gujarat 365601",Amreli,Gujarat,NA,NA,https://www.google.com/maps/place/GJ+14+FAST+FOOD/data=!4m7!3m6!1s0x395881d598d74c91:0x1cd93673e954d18d!8m2!3d21.5986767!4d71.2343169!16s%2Fg%2F11qz__cv5z!19sChIJkUzXmNWBWDkRjdFU6XM22Rw?authuser=0&hl=en&rclk=1
Kachchi Kadak Dabeli & bhajikon - Best Fast Food In Amreli,4.9,39,Fast food restaurant,"Shop no.1, Shubham Complex, Chakkargadh Rd, opp. Relief Beauty parlour, Kanani Ni Wadi, Sattadhar Nagar, Amreli, Gujarat 365601",Amreli,Gujarat,NA,NA,https://www.google.com/maps/place/Kachchi+Kadak+Dabeli+%26+bhajikon+-+Best+Fast+Food+In+Amreli/data=!4m7!3m6!1s0x395881da5f5ae405:0x1e770e4be81cb38c!8m2!3d21.59264!4d71.2200908!16s%2Fg%2F11vrfjr363!19sChIJBeRaX9qBWDkRjLMc6EsOdx4?authuser=0&hl=en&rclk=1
Ganesh Aloo Puri,5.0,2,Fast food restaurant,"Opera House, Station Rd, opp. Krishna Petrol Pump, Amreli Irrigation Division, D.L.B. Society, Amreli, Gujarat 365601",Amreli,Gujarat,NA,NA,https://www.google.com/maps/place/Ganesh+Aloo+Puri/data=!4m7!3m6!1s0x395881007347ebd1:0x1cead9fea9e00f45!8m2!3d21.6043228!4d71.2232095!16s%2Fg%2F11y3ddnn5w!19sChIJ0etHcwCBWDkRRQ_gqf7Z6hw?authuser=0&hl=en&rclk=1
Kutchi King Fastfood,3.9,194,Fast food restaurant,"D.L.B. Society, Amreli, Gujarat 365601",Amreli,Gujarat,NA,ÓÇ∞097125 74074,https://www.google.com/maps/place/Kutchi+King+Fastfood/data=!4m7!3m6!1s0x395880cf81d60a91:0xfe501f316a70066c!8m2!3d21.6094395!4d71.2250465!16s%2Fg%2F11cmtst44t!19sChIJkQrWgc-AWDkRbAZwajEfUP4?authuser=0&hl=en&rclk=1
TULSI AANGAN RESTAURANT,3.0,2,Fast food restaurant,"Upper On, Nilakanth Jewellers, Under Hotel Angel, near Sudarshan Hospital, Manekpara, Amreli, Gujarat 365601",Amreli,Gujarat,NA,ÓÇ∞076002 80015,https://www.google.com/maps/place/TULSI+AANGAN+RESTAURANT/data=!4m7!3m6!1s0x39588172ec9a73b9:0x5d4b4efb8abb5828!8m2!3d21.6009562!4d71.2181026!16s%2Fg%2F11vyn0h141!19sChIJuXOa7HKBWDkRKFi7ivtOS10?authuser=0&hl=en&rclk=1
Shri Vallabh Restaurant Amreli,4.3,3,Indian restaurant,"J7C4+29C, Amreli, Gujarat 365601",Amreli,NA,NA,NA,https://www.google.com/maps/place/Shri+Vallabh+Restaurant+Amreli/data=!4m7!3m6!1s0x395881c14786da4b:0xff43da20b820d34b!8m2!3d21.6200656!4d71.2558783!16s%2Fg%2F11smnprk7x!19sChIJS9qGR8GBWDkRS9MguCDaQ_8?authuser=0&hl=en&rclk=1
Sainath Dhosa,3.4,9,Food court,"Gajerapara, Amreli, Gujarat 365601",Amreli,Gujarat,NA,ÓÇ∞099243 95978,https://www.google.com/maps/place/Sainath+Dhosa/data=!4m7!3m6!1s0x395881ccaf4b324d:0x251ec9c435015953!8m2!3d21.6028781!4d71.2154563!16s%2Fg%2F11ry29jh7r!19sChIJTTJLr8yBWDkRU1kBNcTJHiU?authuser=0&hl=en&rclk=1
Bhavani Dining Hall,2.7,25,Restaurant,"Near, Old, Market Yard Rd, near Red Corner Cinema, Amreli Irrigation Division, D.L.B. Society, Amreli, Gujarat 365601",Amreli,Gujarat,NA,ÓÇ∞070166 28288,https://www.google.com/maps/place/Bhavani+Dining+Hall/data=!4m7!3m6!1s0x3958819e5eb416ad:0x24248e3f3e9690ea!8m2!3d21.6017465!4d71.2197862!16s%2Fg%2F11rsct8jkt!19sChIJrRa0Xp6BWDkR6pCWPj-OJCQ?authuser=0&hl=en&rclk=1
SHREE KRISHNA PANIPURI,4.0,2,Fast food restaurant,"NEAR CONE CIRCLE, OPP OM COMPLEX KERIYA BYPASS, ROAD, Amreli, Gujarat 365601",Amreli,Gujarat,NA,ÓÇ∞089573 29851,https://www.google.com/maps/place/SHREE+KRISHNA+PANIPURI/data=!4m7!3m6!1s0x395881da82ac43c9:0xdbb7745bc4910c8b!8m2!3d21.6013712!4d71.2393625!16s%2Fg%2F11l6zn69_n!19sChIJyUOsgtqBWDkRiwyRxFt0t9s?authuser=0&hl=en&rclk=1
KALAPI SWEET,3.0,1,Fast food restaurant,"SHOP NO.10, KANSARA BAZAR, Tower Rd, opp. HIRABHAI PENDAVALA, Amreli, Gujarat 365601",Amreli,Gujarat,NA,ÓÇ∞070166 43930,https://www.google.com/maps/place/KALAPI+SWEET/data=!4m7!3m6!1s0x3958814e22f3f0a9:0x46300310a70b1fbd!8m2!3d21.5994418!4d71.2123123!16s%2Fg%2F11vk_p1k0m!19sChIJqfDzIk6BWDkRvR8LpxADMEY?authuser=0&hl=en&rclk=1
Dilip Ghughra,4.0,3,Fast food restaurant,"J628+X25, Libraray Rd, Gajerapara, Amreli, Gujarat 365601",Amreli,NA,NA,NA,https://www.google.com/maps/place/Dilip+Ghughra/data=!4m7!3m6!1s0x3958812f4382b8ef:0x3ee1b4262b8c931d!8m2!3d21.6023871!4d71.2151029!16s%2Fg%2F11k00kgxxj!19sChIJ77iCQy-BWDkRHZOMKya04T4?authuser=0&hl=en&rclk=1
R K SAMOSA & VADAPAV,5.0,1,Fast food restaurant,"J62C+M5M, Station Rd, Amreli Irrigation Division, D.L.B. Society, Amreli, Gujarat 365601",Amreli,NA,NA,NA,https://www.google.com/maps/place/R+K+SAMOSA+%26+VADAPAV/data=!4m7!3m6!1s0x39588149d6b33567:0xd097321bbe62f8f!8m2!3d21.6017159!4d71.2204292!16s%2Fg%2F11swps92b0!19sChIJZzWz1kmBWDkRjy_muyFzCQ0?authuser=0&hl=en&rclk=1
RADHESHYAM GARDEN RESTAURANT,2.0,1,Fast food restaurant,"DHARI ROAD, near BALAJI HANUMAN TEMPLE, opp. RADHESHYAM HOTEL, Amreli, Gujarat 365601",Amreli,Gujarat,NA,ÓÇ∞074359 08272,https://www.google.com/maps/place/RADHESHYAM+GARDEN+RESTAURANT/data=!4m7!3m6!1s0x3958816694a22743:0xc67318e7eae4211b!8m2!3d21.5845012!4d71.1938848!16s%2Fg%2F11vwpdj5x7!19sChIJQyeilGaBWDkRGyHk6ucYc8Y?authuser=0&hl=en&rclk=1
Satguru Sandwich,4.4,91,Sandwich shop,"Jail Rd, Gajerapara, Amreli, Gujarat 365601",Amreli,Gujarat,NA,NA,https://www.google.com/maps/place/Satguru+Sandwich/data=!4m7!3m6!1s0x395880bec5769299:0x55c16705912db79!8m2!3d21.6012472!4d71.212219!16s%2Fg%2F1tfzf4ky!19sChIJmZJ2xb6AWDkRedsSWXAWXAU?authuser=0&hl=en&rclk=1
"SHREEJI FOOD CENTRE ,AMRELI",NA,NA,Fast food restaurant,"Gait No :- 2, Chakargadh road, in front of Patel Sankul Road, Sankul, Panihari Society, Amreli, Gujarat 365601",Amreli,Gujarat,NA,NA,"https://www.google.com/maps/place/SHREEJI+FOOD+CENTRE+,AMRELI/data=!4m7!3m6!1s0x395881db417bef43:0xbf69d14858fd231a!8m2!3d21.588208!4d71.2222901!16s%2Fg%2F11w3ffbm7q!19sChIJQ-97QduBWDkRGiP9WEjRab8?authuser=0&hl=en&rclk=1"
Shivam Hotal Amreli,NA,NA,Fast food restaurant,"H5MV+F69, Amreli, Gujarat 365601",Amreli,NA,NA,NA,https://www.google.com/maps/place/Shivam+Hotal+Amreli/data=!4m7!3m6!1s0x395881a73e41f37d:0xb42f924a045b9b3f!8m2!3d21.583665!4d71.1931042!16s%2Fg%2F11v13dycdd!19sChIJffNBPqeBWDkRP5tbBEqSL7Q?authuser=0&hl=en&rclk=1
Mahadev Fastfood and Sugarcane Juice,5.0,5,Fast food restaurant,"J66J+QXC, Lathi Rd, Pragati Nagar, Amreli, Gujarat 365601",Amreli,NA,NA,NA,https://www.google.com/maps/place/Mahadev+Fastfood+and+Sugarcane+Juice/data=!4m7!3m6!1s0x395881a929f75e51:0x234ad40efef01e9b!8m2!3d21.6119886!4d71.2325544!16s%2Fg%2F11vhw6v28p!19sChIJUV73KamBWDkRmx7w_g7USiM?authuser=0&hl=en&rclk=1
PRABHU PAUBHAJI,NA,NA,Restaurant,"SHOP NO.13, OLD NAGARPALIKA COMPLEX, Station Rd, near RAJKAMAL CHOWK, Amreli Irrigation Division, D.L.B. Society, Amreli, Gujarat 365601",Amreli,Gujarat,NA,ÓÇ∞099093 96699,https://www.google.com/maps/place/PRABHU+PAUBHAJI/data=!4m7!3m6!1s0x39588163512ac60d:0x35c25a292a296d99!8m2!3d21.6008292!4d71.2163439!16s%2Fg%2F11vdqmcjzp!19sChIJDcYqUWOBWDkRmW0pKilawjU?authuser=0&hl=en&rclk=1
